Compound Name,Catalog No.,Pubchem CID,PubChem SID,Molecular Formula,Smiles,Molecular Weight,MONOISOTOPIC_WEIGHT,ClogP,HBD,HBA,TPSA,RotBonds,AromaticRingCount,NumRadicals,MolMR_value,FractionCSP3,QED,BBB,Lipinski (RO5),Veber,CAS RN,Link
Littorine,BCN1917,4486822,382158504,C17H23NO3,CN1C2CCC1CC(OC(=O)C(O)Cc1ccccc1)C2,289.37,289.1677936,1.758,1,1,49.8,4,1,0,79.84,0.588,0.858,FALSE,TRUE,TRUE,21956-47-8,https://www.biocrick.com/dbs/21956-47-8
Dihydroisotanshinone I,BCN2308,89406,382158293,C18H14O3,Cc1cccc2c3c(ccc12)C(=O)C1=C(OCC1C)C3=O,278.3,278.0942943,3.448,0,0,43.4,0,2,0,79.488,0.222,0.741,TRUE,TRUE,TRUE,20958-18-3,https://www.biocrick.com/dbs/20958-18-3
Eupatilin,BCN2336,5273755,382158639,C18H16O7,COc1ccc(-c2cc(=O)c3c(O)c(OC)c(O)cc3o2)cc1OC,344.31,344.0896029,2.897,2,2,98.4,4,3,0,90.906,0.167,0.751,FALSE,TRUE,TRUE,22368-21-4,https://www.biocrick.com/dbs/22368-21-4
Curzerene,BCN2352,572766,382157410,C15H20O,C=CC1(C)Cc2occ(C)c2CC1C(=C)C,216.32,216.1514153,4.071,0,0,13.1,2,1,0,67.461,0.467,0.679,FALSE,TRUE,TRUE,17910-09-7,https://www.biocrick.com/dbs/17910-09-7
Gamabufotalin,BCN2358,521198,382161153,C24H34O5,CC12CCC(O)CC1CCC1C2C(O)CC2(C)C(c3ccc(=O)oc3)CCC12O,402.52,402.2406242,3.213,3,3,90.9,1,1,0,108.302,0.792,0.671,FALSE,TRUE,TRUE,465-11-2,https://www.biocrick.com/dbs/465-11-2
Telocinobufagin,BCN2359,633458,382161226,C24H34O5,CC12CCC(O)CC1(O)CCC1C2CCC2(C)C(c3ccc(=O)oc3)CCC12O,402.52,402.2406242,3.357,3,3,90.9,1,1,0,108.372,0.792,0.67,FALSE,TRUE,TRUE,472-26-4,https://www.biocrick.com/dbs/472-26-4
Nodakenin,BCN2378,611513,382161542,C20H24O9,CC(C)(OC1OC(CO)C(O)C(O)C1O)C1Cc2cc3ccc(=O)oc3cc2O1,408.4,408.1420323,-0.308,4,4,138.8,4,2,0,99.535,0.55,0.502,FALSE,TRUE,TRUE,495-31-8,https://www.biocrick.com/dbs/495-31-8
Aconine,BCN2394,417761,382161734,C25H41NO9,CCN1CC2(COC)C(O)CC(OC)C34C5CC6(O)C(O)C5C(O)(C(O)C6OC)C(C(OC)C23)C14,499.6,499.2781319,-1.787,5,5,141.3,6,0,0,121.282,1,0.285,FALSE,TRUE,FALSE,509-20-6,https://www.biocrick.com/dbs/509-20-6
Genistin,BCN2396,5284639,382162080,C21H20O10,O=c1c(-c2ccc(O)cc2)coc2cc(OC3OC(CO)C(O)C(O)C3O)cc(O)c12,432.38,432.1056468,0.05,6,6,170,4,3,0,105.645,0.286,0.331,FALSE,FALSE,FALSE,529-59-9,https://www.biocrick.com/dbs/529-59-9
Ganoderic acid D,BCN2437,14109405,382153146,C30H42O7,CC(CC(=O)CC(C)C1CC(=O)C2(C)C3=C(C(=O)CC12C)C1(C)CCC(=O)C(C)(C)C1CC3O)C(=O)O,514.66,514.2930537,4.34,2,2,125.8,6,0,0,136.426,0.767,0.54,FALSE,FALSE,TRUE,108340-60-9,https://www.biocrick.com/dbs/108340-60-9
Ganoderic acid N,BCN2438,131751706,382153282,C30H42O8,CC(CC(=O)CC(C)(O)C1CC(=O)C2(C)C3=C(C(=O)CC12C)C1(C)CCC(=O)C(C)(C)C1CC3O)C(=O)O,530.65,530.2879683,3.455,3,3,146,6,0,0,137.885,0.767,0.473,FALSE,FALSE,FALSE,110241-19-5,https://www.biocrick.com/dbs/110241-19-5
Ganoderic acid Y,BCN2439,57397445,382165650,C30H46O3,C/C(=C\CC[C@@H](C)[C@H]1CC[C@@]2(C)C3=CC[C@H]4C(C)(C)[C@@H](O)CC[C@]4(C)C3=CC[C@]12C)C(=O)O,454.68,454.3446953,7.32,2,2,57.5,5,0,0,134.748,0.767,0.428,FALSE,FALSE,TRUE,86377-52-8,https://www.biocrick.com/dbs/86377-52-8
Ganoderic acid Z,BCN2440,10601916,382159580,C30H42O7,C/C(=C\[C@@H](O)C[C@@H](C)[C@H]1CC(=O)[C@@]2(C)C3=C(C(=O)C[C@]12C)[C@@]1(C)CC[C@H](O)C(C)(C)[C@@H]1CC3=O)C(=O)O,514.66,514.2930537,4.052,3,3,129,5,0,0,137.401,0.733,0.472,FALSE,FALSE,TRUE,294674-09-2,https://www.biocrick.com/dbs/294674-09-2
Ganoderic acid AM1,BCN2441,78075359,382156263,C30H42O7,CC(CC(=O)CC(C)C1CC(=O)C2(C)C3=C(C(=O)CC12C)C1(C)CCC(O)C(C)(C)C1CC3=O)C(=O)O,514.66,514.2930537,4.34,2,2,125.8,6,0,0,136.426,0.767,0.54,FALSE,FALSE,TRUE,149507-55-1,https://www.biocrick.com/dbs/149507-55-1
Ganoderic acid LM2,BCN2442,73113647,382161720,C30H42O7,CC(=CC(O)CC(C)C1CC(=O)C2(C)C3=C(C(=O)CC12C)C1(C)CCC(=O)C(C)(C)C1CC3O)C(=O)O,514.66,514.2930537,4.052,3,3,129,5,0,0,137.401,0.733,0.472,FALSE,FALSE,TRUE,508182-41-0,https://www.biocrick.com/dbs/508182-41-0
Ganoderic acid TN,BCN2443,72822405,382153412,C32H48O5,CC(=O)OC1CC(C(C)CCC=C(C)C(=O)O)C2(C)CC=C3C(=CCC4C3(C)CCC(O)C4(C)C)C12C,512.73,512.3501746,6.861,2,2,83.8,6,0,0,145.685,0.75,0.3,FALSE,FALSE,TRUE,112430-64-5,https://www.biocrick.com/dbs/112430-64-5
Ganoderenic acid H,BCN2447,72728372,382154108,C30H40O7,CC(=CC(=O)CC(C)C(=O)O)C1CC(=O)C2(C)C3=C(C(=O)CC12C)C1(C)CCC(O)C(C)(C)C1CC3=O,512.64,512.2774036,4.26,2,2,125.8,5,0,0,136.402,0.7,0.527,FALSE,FALSE,TRUE,120462-48-8,https://www.biocrick.com/dbs/120462-48-8
Lucialdehyde A,BCN2449,75069543,382160922,C30H46O2,CC(C=O)=CCCC(C)C1CCC2(C)C3=CCC4C(C)(CCC(O)C4(C)C)C3=CCC12C,438.69,438.3497807,7.434,1,1,37.3,5,0,0,133.176,0.767,0.358,FALSE,FALSE,TRUE,420781-84-6,https://www.biocrick.com/dbs/420781-84-6
Lucialdehyde B,BCN2450,85116100,382161383,C30H44O3,CC(C=O)=CCCC(C)C1CCC2(C)C3=C(CCC12C)C1(C)CCC(=O)C(C)(C)C1CC3=O,452.67,452.3290453,7.045,0,0,51.2,5,0,0,132.66,0.767,0.332,FALSE,FALSE,TRUE,480439-84-7,https://www.biocrick.com/dbs/480439-84-7
Capillarisin,BCN2461,5281342,382162549,C16H12O7,COc1c(O)cc2oc(Oc3ccc(O)cc3)cc(=O)c2c1O,316.26,316.0583027,2.711,3,3,109.4,3,3,0,80.546,0.062,0.681,FALSE,TRUE,TRUE,56365-38-9,https://www.biocrick.com/dbs/56365-38-9
Cucurbitacin A,BCN2468,3718818,382163045,C32H46O9,CC(=O)OC(C)(C)C=CC(=O)C(C)(O)C1C(O)CC2(C)C3CC=C4C(CC(O)C(=O)C4(C)C)C3(CO)C(=O)CC12C,574.71,574.314183,2.472,4,4,158.4,6,0,0,149.178,0.75,0.212,FALSE,FALSE,FALSE,6040-19-3,https://www.biocrick.com/dbs/6040-19-3
Oxypeucedanin,BCN2494,160544,382164471,C16H14O5,CC1(C)OC1COc1c2ccoc2cc2oc(=O)ccc12,286.28,286.0841235,3.095,0,0,65.1,3,3,0,76.703,0.312,0.547,TRUE,TRUE,TRUE,737-52-0,https://www.biocrick.com/dbs/737-52-0
Isocryptotanshinone,BCN2499,626608,382158668,C19H20O3,CC1COC2=C1C(=O)c1ccc3c(c1C2=O)CCCC3(C)C,296.36,296.1412445,3.6,0,0,43.4,0,1,0,83.209,0.474,0.734,TRUE,TRUE,TRUE,22550-15-8,https://www.biocrick.com/dbs/22550-15-8
Jaceosidin,BCN2529,5379096,382157467,C17H14O7,COc1cc(-c2cc(=O)c3c(O)c(OC)c(O)cc3o2)ccc1O,330.29,330.0739528,2.594,3,3,109.4,3,3,0,86.018,0.118,0.677,FALSE,TRUE,TRUE,18085-97-7,https://www.biocrick.com/dbs/18085-97-7
Tannic acid,BCN2643,16129878,382155590,C76H52O46,O=C(OCC1OC(OC(=O)c2cc(O)c(O)c(OC(=O)c3cc(O)c(O)c(O)c3)c2)C(OC(=O)c2cc(O)c(O)c(OC(=O)c3cc(O)c(O)c(O)c3)c2)C(OC(=O)c2cc(O)c(O)c(OC(=O)c3cc(O)c(O)c(O)c3)c2)C1OC(=O)c1cc(O)c(O)c(OC(=O)c2cc(O)c(O)c(O)c2)c1)c1cc(O)c(O)c(OC(=O)c2cc(O)c(O)c(O)c2)c1,1701.2,1700.172974,4.838,25,25,778,21,10,0,382.802,0.079,0.02,FALSE,FALSE,FALSE,1401-55-4,https://www.biocrick.com/dbs/1401-55-4
trans-Caryophyllene,BCN2644,26318,382165768,C15H24,C=C1CCC=C(C)CCC2C1CC2(C)C,204.36,204.1878008,4.725,0,0,0,0,0,0,66.743,0.733,0.501,FALSE,TRUE,TRUE,87-44-5,https://www.biocrick.com/dbs/87-44-5
Columbianetin acetate,BCN2652,5316020,382158780,C16H16O5,CC(=O)OC(C)(C)C1Cc2c(ccc3ccc(=O)oc23)O1,288.3,288.0997736,2.438,0,0,65.7,2,2,0,76.449,0.375,0.627,TRUE,TRUE,TRUE,23180-65-6,https://www.biocrick.com/dbs/23180-65-6
Onjisaponin B,BCN2741,73819874,382160349,C75H112O35,COc1ccc(C=CC(=O)OC2C(C)OC(OC(=O)C34CCC(C)(C)CC3C3=CCC5C6(C)CC(O)C(OC7OC(CO)C(O)C(O)C7O)C(C)(C(=O)O)C6CCC5(C)C3(CO)CC4)C(OC3OC(C)C(OC4OCC(OC5OC(CO)C(O)C(O)C5O)C(O)C4O)C(O)C3O)C2OC2OC(C)C(O)C(O)C2O)cc1,1573.69,1572.698415,-3.384,18,18,544.6,20,1,0,368.494,0.827,0.026,FALSE,FALSE,FALSE,35906-36-6,https://www.biocrick.com/dbs/35906-36-6
Eurycomanone,BCN2990,433873,382165419,C20H24O9,C=C1C(O)C2(O)OCC34C(CC5C(C)=CC(=O)C(O)C5(C)C23)OC(=O)C(O)C14O,408.4,408.1420323,-1.828,5,5,153.8,0,0,0,93.793,0.7,0.23,FALSE,TRUE,FALSE,84633-29-4,https://www.biocrick.com/dbs/84633-29-4
Desmethylxanthohumol,BCN2997,189267,382153619,C20H20O5,CC(C)=CCc1c(O)cc(O)c(C(=O)C=Cc2ccc(O)cc2)c1O,340.4,340.1310737,3.914,4,4,98,5,2,0,96.043,0.15,0.376,FALSE,TRUE,TRUE,115063-39-3,https://www.biocrick.com/dbs/115063-39-3
Vicenin -1,BCN3012,13644660,382160354,C26H28O14,O=c1cc(-c2ccc(O)cc2)oc2c(C3OC(CO)C(O)C(O)C3O)c(O)c(C3OCC(O)C(O)C3O)c(O)c12,564.5,564.1479056,-1.754,10,10,251,4,3,0,132.348,0.423,0.169,FALSE,FALSE,FALSE,35927-38-9,https://www.biocrick.com/dbs/35927-38-9
Vicenin -2,BCN3013,3084407,382158854,C27H30O15,O=c1cc(-c2ccc(O)cc2)oc2c(C3OC(CO)C(O)C(O)C3O)c(O)c(C3OC(CO)C(O)C(O)C3O)c(O)c12,594.5,594.1584703,-2.393,11,11,271.2,5,3,0,138.355,0.444,0.147,FALSE,FALSE,FALSE,23666-13-9,https://www.biocrick.com/dbs/23666-13-9
Peonidin chloride,BCN3016,164544,382155162,C16H13ClO6,COc1cc(-c2[o+]c3cc(O)cc(O)c3cc2O)ccc1O.[Cl-],336.7,336.0400658,0.216,4,4,101.5,2,3,0,79.268,0.062,0.499,FALSE,TRUE,TRUE,134-01-0,https://www.biocrick.com/dbs/134-01-0
Petunidin chloride,BCN3018,73386,382155833,C16H13ClO7,COc1cc(-c2[o+]c3cc(O)cc(O)c3cc2O)cc(O)c1O.[Cl-],352.7,352.0349804,-0.078,5,5,121.7,2,3,0,80.933,0.062,0.323,FALSE,TRUE,TRUE,1429-30-7,https://www.biocrick.com/dbs/1429-30-7
Delphinidin-3-O-galactoside chloride,BCN3019,13915666,382159456,C21H21ClO12,OCC1OC(Oc2cc3c(O)cc(O)cc3[o+]c2-c2cc(O)c(O)c(O)c2)C(O)C(O)C1O.[Cl-],500.8,500.0721538,-2.908,9,9,211.8,4,3,0,108.776,0.286,0.13,FALSE,FALSE,FALSE,28500-00-7,https://www.biocrick.com/dbs/28500-00-7
Delphinidin-3-O-glucoside chloride,BCN3020,13915666,382164060,C21H21ClO12,OCC1OC(Oc2cc3c(O)cc(O)cc3[o+]c2-c2ccc(O)c(O)c2)C(O)C(O)C1O.[Cl-],500.8,484.0772392,-2.614,8,8,191.6,4,3,0,107.111,0.286,0.143,FALSE,FALSE,FALSE,6906-38-3,https://www.biocrick.com/dbs/6906-38-3
Cyanidin-3-O-galactoside chloride,BCN3022,12303220,382159373,C21H21ClO11,COc1cc(-c2[o+]c3cc(O)cc(O)c3cc2OC2OC(CO)C(O)C(O)C2O)cc(O)c1O.[Cl-],484.9,514.0878039,-2.605,8,8,200.8,5,3,0,113.663,0.318,0.13,FALSE,FALSE,FALSE,27661-36-5,https://www.biocrick.com/dbs/27661-36-5
Petunidin-3-O-galactoside chloride,BCN3024,14311148,382159457,C22H23ClO12,COc1cc(-c2[o+]c3cc(O)cc(O)c3cc2OC2OC(CO)C(O)C(O)C2O)ccc1O.[Cl-],514.9,498.0928892,-2.311,7,7,180.6,5,3,0,111.999,0.318,0.188,FALSE,FALSE,FALSE,28500-02-9,https://www.biocrick.com/dbs/28500-02-9
Petunidin-3-O-glucoside chloride,BCN3025,14311148,382164133,C22H23ClO12,COc1cc(-c2[o+]c3cc(O)cc(O)c3cc2OC2OCC(O)C(O)C2O)ccc1O.[Cl-],514.9,468.0823246,-1.672,6,6,160.4,4,3,0,105.992,0.286,0.244,FALSE,FALSE,FALSE,6988-81-4,https://www.biocrick.com/dbs/6988-81-4
Peonidin-3-O-glucoside chloride,BCN3028,14311150,382164061,C22H23ClO11,COc1cc(-c2[o+]c3cc(O)cc(O)c3cc2OC2OC(CO)C(O)C(O)C2O)cc(OC)c1O.[Cl-],498.9,528.1034539,-2.302,7,7,189.8,6,3,0,118.551,0.348,0.17,FALSE,FALSE,FALSE,6906-39-4,https://www.biocrick.com/dbs/6906-39-4
Peonidin-3-O-arabinoside chloride,BCN3029,74315893,382162018,C21H21ClO10,CC(CC(=O)CC(C)C1CC(O)C2(C)C3=C(C(=O)CC12C)C1(C)CCC(=O)C(C)(C)C1CC3O)C(=O)O,468.8,516.3087037,4.132,3,3,129,6,0,0,137.425,0.8,0.484,FALSE,FALSE,TRUE,524943-91-7,https://www.biocrick.com/dbs/524943-91-7
Malvidin-3-O-glucoside chloride,BCN3031,12313693,382164329,C23H25ClO12,CC(CC(=O)CC(C)C1CC(=O)C2(C)C3=C(C(=O)CC12C)C1(C)CCC(O)C(C)(C)C1CC3O)C(=O)O,528.9,516.3087037,4.132,3,3,129,6,0,0,137.425,0.8,0.484,FALSE,FALSE,TRUE,7228-78-6,https://www.biocrick.com/dbs/7228-78-6
Ganoderic acid A,BCN3033,14109402,382165147,C30H44O7,C[C@H](CC(=O)C[C@@H](C)[C@H]1C[C@H](O)[C@@]2(C)C3=C(C(=O)C[C@]12C)[C@@]1(C)CC[C@H](O)C(C)(C)[C@@H]1C[C@@H]3O)C(=O)O,516.7,518.3243538,3.923,4,4,132.1,6,0,0,138.425,0.833,0.419,FALSE,FALSE,TRUE,81907-62-2,https://www.biocrick.com/dbs/81907-62-2
Ganoderic acid B,BCN3034,14109389,382165146,C30H44O7,CC(CC(=O)CC(C)C1CC(=O)C2(C)C3=C(C(=O)CC12C)C1(C)CCC(=O)C(C)(C)C1CC3=O)C(=O)O,516.7,512.2774036,4.548,1,1,122.7,6,0,0,135.426,0.733,0.554,FALSE,FALSE,TRUE,81907-61-1,https://www.biocrick.com/dbs/81907-61-1
Ganoderic acid C1,BCN3035,14109405,382166707,C30H42O7,CC(=O)OC1C(=O)C2=C(C(=O)CC3C2(C)CCC(O)C3(C)C)C2(C)C(=O)CC(C(C)CC(=O)CC(C)C(=O)O)C12C,514.7,572.298533,3.881,2,2,152.1,7,0,0,147.363,0.75,0.433,FALSE,FALSE,FALSE,95311-97-0,https://www.biocrick.com/dbs/95311-97-0
Ganoderic acid C2,BCN3036,57396771,382152825,C30H46O7,CC(=O)OC1C(=O)C2=C(C(O)CC3C2(C)CCC(O)C3(C)C)C2(C)C(=O)CC(C(C)CC(=O)CC(C)C(=O)O)C12C,518.7,574.314183,3.673,3,3,155.3,7,0,0,148.362,0.781,0.386,FALSE,FALSE,FALSE,103773-62-2,https://www.biocrick.com/dbs/103773-62-2
Ganoderic acid F,BCN3037,74028537,382166932,C32H42O9,CC(C)=CC(O)CC(C)C1CCC2(C)C3C(O)C=C4C(CCC(O)C4(C)C)C3(C=O)CCC12C,570.7,472.35526,5.456,3,3,77.8,5,0,0,135.979,0.833,0.367,FALSE,FALSE,TRUE,98665-14-6,https://www.biocrick.com/dbs/98665-14-6
Ganoderic acid H,BCN3038,73657194,382166937,C32H44O9,OCC1OC(Oc2cc3c(O)cc(O)cc3[o+]c2-c2ccc(O)cc2)C(O)C(O)C1O.[Cl-],572.7,468.0823246,-2.32,7,7,171.4,4,3,0,105.447,0.286,0.206,FALSE,FALSE,FALSE,98665-19-1,https://www.biocrick.com/dbs/98665-19-1
Ganoderic acid K,BCN3039,74036828,382152904,C32H46O9,OCC1OC(Oc2cc3c(OC4OC(CO)C(O)C(O)C4O)cc(O)cc3[o+]c2-c2ccc(O)c(O)c2)C(O)C(O)C1O.[Cl-],574.7,646.1300626,-5.141,11,11,270.8,7,3,0,139.842,0.444,0.085,FALSE,FALSE,FALSE,104700-95-0,https://www.biocrick.com/dbs/104700-95-0
Momordicine I,BCN3058,14807332,382166292,C30H48O4,O=C(O)[C@H]1O[C@@H](Oc2c(-c3ccc(O)c(O)c3)oc3cc(O)cc(O)c3c2=O)[C@H](O)[C@@H](O)[C@@H]1O,472.7,478.0747406,-0.447,8,8,227.6,4,3,0,109.524,0.238,0.223,FALSE,FALSE,FALSE,91590-76-0,https://www.biocrick.com/dbs/91590-76-0
Pelargonidin-3-O-glucoside chloride,BCN3113,14135956,382157572,C21H21O10Cl,OCC1OC(Oc2cc3c(O)cc(O)cc3[o+]c2-c2ccc(O)c(O)c2)C(OC2OCC(O)C(O)C2O)C(O)C1O.[Cl-],468.8,616.1194979,-4.151,10,10,250.5,6,3,0,133.738,0.423,0.093,FALSE,FALSE,FALSE,18466-51-8,https://www.biocrick.com/dbs/18466-51-8
"Cyanidin-3,5-O-diglucoside chloride",BCN3116,13988279,382159181,C27H31O16Cl,CC(C)=CCCC1(C)C=Cc2c(ccc3c2[nH]c2cc(O)c(C)cc23)O1,647,347.188529,6.246,2,2,45.2,3,3,0,108.939,0.304,0.55,FALSE,FALSE,TRUE,2611-67-8,https://www.biocrick.com/dbs/2611-67-8
Quercetin-3-O-glucuronide,BCN3149,5274585,382158693,C21H18O13,CC(C)C(C)CCC(C)C1CCC2C3CC=C4CC(O)CCC4(C)C3CCC12C,478.4,400.3705162,7.635,1,1,20.2,5,0,0,123.6,0.929,0.47,FALSE,FALSE,TRUE,22688-79-5,https://www.biocrick.com/dbs/22688-79-5
Cyanidin-3-O-sambubioside chloride,BCN3150,78302543,382159983,C26H29ClO15,CC=C(CCC(C)C1CCC2C3CC=C4CC(O)CCC4(C)C3CCC12C)C(C)C,617,412.3705162,7.945,1,1,20.2,5,0,0,128.193,0.862,0.454,FALSE,FALSE,TRUE,33012-73-6,https://www.biocrick.com/dbs/33012-73-6
Isomahanine,BCN3177,375148,382155979,C23H25NO2,C/C=C(/CC[C@@H](C)[C@H]1CC[C@H]2C3=CC[C@H]4C[C@@H](O)CC[C@]4(C)[C@H]3CC[C@@]21C)C(C)C,347.5,412.3705162,7.945,1,1,20.2,5,0,0,128.193,0.862,0.454,FALSE,FALSE,TRUE,144606-95-1,https://www.biocrick.com/dbs/144606-95-1
Campesterol,BCN3181,312822,382161252,C28H48O,O=C(O)C[C@H](C(=O)O)[C@H]1c2c(cc(O)c(O)c2O)C(=O)O[C@@H]1C(=O)O,400.7,356.0379612,-0.314,6,6,198.9,5,1,0,74.395,0.286,0.298,FALSE,FALSE,FALSE,474-62-4,https://www.biocrick.com/dbs/474-62-4
Delta 5-avenasterol,BCN3211,86747,382157576,C29H48O,O=C(O)CC1C(=O)OC2C3COC(=O)c4cc(O)c(O)c(O)c4-c4c(cc(O)c(O)c4O)C(=O)OC2C(OC(=O)c2cc(O)c(O)c4c2C1C(O)C(=O)O4)C(OC(=O)c1cc(O)c(O)c(O)c1)O3,412.7,954.0974457,-0.002,13,13,447.1,4,4,0,205.846,0.244,0.055,FALSE,FALSE,FALSE,18472-36-1,https://www.biocrick.com/dbs/18472-36-1
Delta 7-avenasterol,BCN3212,12795736,382158799,C29H48O,CC(C)=CCCC(C)C1CCC2(C)C3CC=C4C(CCC(O)C4(C)C)C3(C)CCC12C,412.7,426.3861662,8.335,1,1,20.2,4,0,0,132.81,0.867,0.448,FALSE,FALSE,TRUE,23290-26-8,https://www.biocrick.com/dbs/23290-26-8
Chebulic acid,BCN3260,71308174,382158861,C14H12O11,O=c1c(OC2OC(COC3OC(CO)C(O)C(O)C3O)C(O)C(O)C2O)c(-c2ccc(O)cc2)oc2cc(O)cc(O)c12,356.2,610.1533849,-2.42,10,10,269.4,7,3,0,139.943,0.444,0.133,FALSE,FALSE,FALSE,23725-05-5,https://www.biocrick.com/dbs/23725-05-5
Chebulagic acid,BCN3262,250397,382158756,C41H30O27,COc1cc(C=CC(=O)OC2C(O)CC(O)(C(=O)O)CC2O)ccc1O,954.7,368.1107322,-0.343,5,5,153.7,5,1,0,87.406,0.412,0.347,FALSE,TRUE,FALSE,23094-71-5,https://www.biocrick.com/dbs/23094-71-5
Cucurbitadienol,BCN3342,634657,382160239,C30H50O,COc1cc(C=CC(=O)OC2CC(O)(C(=O)O)CC(O)C2O)ccc1O,426.7,368.1107322,-0.343,5,5,153.7,5,1,0,87.406,0.412,0.347,FALSE,TRUE,FALSE,35012-08-9,https://www.biocrick.com/dbs/35012-08-9
Kaempferol 3-gentiobioside,BCN3345,14228859,382158583,C27H30O16,CC1CCC2(O)C(C)CCC3C(C12)C3(C)C,610.5,222.1983654,3.466,1,1,20.2,0,0,0,65.997,1,0.665,TRUE,TRUE,TRUE,22149-35-5,https://www.biocrick.com/dbs/22149-35-5
4-O-Feruloylquinic acid,BCN3352,4635494,382159185,C17H20O9,CC1OC(OC2C(O)C(COC(=O)C=Cc3ccc(O)c(O)c3)OC(OCCc3ccc(O)c(O)c3)C2O)C(O)C(O)C1O,368.3,624.2054204,-1.016,9,9,245.3,10,2,0,147.095,0.483,0.087,FALSE,FALSE,FALSE,2613-86-7,https://www.biocrick.com/dbs/2613-86-7
3-O-Feruloylquinic acid,BCN3353,73210496,382157725,C17H20O9,Oc1ccc(C2Oc3cc(O)cc4c3C2c2cc(O)cc3c2C(c2cc(O)cc5c2C4C(c2ccc(O)cc2)O5)C(c2ccc(O)cc2)O3)cc1,368.3,678.1889825,8.03,6,6,149.1,3,6,0,184.277,0.143,0.109,FALSE,FALSE,FALSE,1899-29-2,https://www.biocrick.com/dbs/1899-29-2
Palustrol,BCN4100,110745,382162933,C15H26O,COc1c(O)cc(O)c2c(=O)cc(-c3ccccc3)oc12,222.4,284.0684735,2.88,2,2,79.9,2,3,0,77.802,0.062,0.756,TRUE,TRUE,TRUE,5986-49-2,https://www.biocrick.com/dbs/5986-49-2
Isoacteoside,BCN4137,73323377,382163148,C29H36O15,COC(=O)C1=COC(OC2OC(CO)C(O)C(O)C2O)C2C1C(O)CC2(C)O,624.6,406.1475116,-3.036,6,6,175.4,4,0,0,88.052,0.824,0.262,FALSE,FALSE,FALSE,61303-13-7,https://www.biocrick.com/dbs/61303-13-7
alpha-Viniferin,BCN4152,375682,382163269,C42H30O9,O=c1ccc2cc3ccoc3cc2o1,678.7,186.031694,2.539,0,0,43.4,0,3,0,52.256,0,0.506,TRUE,TRUE,TRUE,62218-13-7,https://www.biocrick.com/dbs/62218-13-7
Wogonin,BCN4171,5281703,382163386,C16H12O5,C=C1CCC2C(C3C1CCC3(C)O)C2(C)C,284.3,220.1827154,3.386,1,1,20.2,0,0,0,65.973,0.867,0.62,TRUE,TRUE,TRUE,632-85-9,https://www.biocrick.com/dbs/632-85-9
Shanzhiside methylester,BCN4187,13892721,382163529,C17H26O11,C=C(CCC(C)C1CCC2(C)C3=C(CCC12C)C1(C)CCC(O)C(C)(C)C1CC3)C(C)C,406.4,440.4018163,8.725,1,1,20.2,5,0,0,137.427,0.871,0.424,FALSE,FALSE,TRUE,64421-28-9,https://www.biocrick.com/dbs/64421-28-9
Psoralen,BCN4219,6199,382163681,C11H6O3,C=C(C(=O)O)C1CCC(C)C2CCC(C)=CC12,186.2,234.1619799,3.646,1,1,37.3,2,0,0,68.635,0.667,0.585,TRUE,TRUE,TRUE,66-97-7,https://www.biocrick.com/dbs/66-97-7
Spathulenol,BCN4227,522266,382163845,C15H24O,CCC(C=CC(C)C1CCC2C3CC=C4CC(O)CCC4(C)C3CCC12C)C(C)C,220.4,412.3705162,7.801,1,1,20.2,5,0,0,128.123,0.862,0.457,FALSE,FALSE,TRUE,6750-60-3,https://www.biocrick.com/dbs/6750-60-3
Eburicol,BCN4252,634628,382164032,C31H52O,Cc1cccc2c3c(ccc12)C1=C(C(=O)C3=O)C(C)CO1,440.8,278.0942943,3.291,0,0,43.4,0,2,0,80.059,0.222,0.694,TRUE,TRUE,TRUE,6890-88-6,https://www.biocrick.com/dbs/6890-88-6
Artemisinic acid,BCN4336,578305,382165012,C15H22O2,O=C(C=Cc1ccc(O)c(O)c1)OC1CC(O)(C(=O)O)CC(O)C1O,234.3,354.0950822,-0.646,6,6,164.7,4,1,0,82.519,0.375,0.234,FALSE,FALSE,FALSE,80286-58-4,https://www.biocrick.com/dbs/80286-58-4
Stigmasterol,BCN4376,122544,382165258,C29H48O,O=c1ccc2ccc(O)cc2o1,412.7,162.031694,1.499,1,1,50.4,0,2,0,44.149,0,0.597,FALSE,TRUE,TRUE,83-48-7,https://www.biocrick.com/dbs/83-48-7
Dihydrotanshinone I,BCN4417,5316743,382165806,C18H14O3,Oc1cc(O)c2c(c1)OC(c1cc(O)c(O)c(O)c1)C(O)C2,278.3,306.0739528,1.252,6,6,130.6,1,2,0,74.288,0.2,0.437,FALSE,FALSE,TRUE,87205-99-0,https://www.biocrick.com/dbs/87205-99-0
Neochlorogenic acid,BCN4450,348159,382166195,C16H18O9,CC(C)=CCc1c(C2CCc3ccc(O)cc3O2)cc2c(c1O)OC(C)(C)C=C2,354.3,392.1987594,5.857,2,2,58.9,3,2,0,114.78,0.36,0.643,FALSE,FALSE,TRUE,906-33-2,https://www.biocrick.com/dbs/906-33-2
Umbelliferone,BCN4477,5281426,382166436,C9H6O3,C=C1CC23CCC4C(C)(C(=O)O)CCCC4(C)C2CCC1C3,162.1,302.2245802,5.04,1,1,37.3,1,0,0,87.446,0.85,0.689,FALSE,FALSE,TRUE,93-35-6,https://www.biocrick.com/dbs/93-35-6
(-)-Epigallocatechin(EGC),BCN4519,1249,382166840,C15H14O7,COC(=O)C1=COC(C)C2C[n+]3ccc4c([nH]c5ccccc54)c3CC12,306.3,349.1552175,2.873,1,1,55.2,1,3,0,97.33,0.333,0.543,TRUE,TRUE,TRUE,970-74-1,https://www.biocrick.com/dbs/970-74-1
Kazinol B,BCN4538,70673796,382167008,C25H28O4,CCCCCCCCCCCCC(O)C1CCC(C(O)CCCCC(O)CCCCCC(O)CC2=CC(C)OC2=O)O1,392.5,596.4652044,7.061,4,4,116.5,26,0,0,168.19,0.914,0.062,FALSE,FALSE,FALSE,99624-27-8,https://www.biocrick.com/dbs/99624-27-8
Kaurenoic acid,BCN4600,433869,382163825,C20H30O2,CCC(C=CC(C)C1CCC2C3CC=C4CC(OC5OC(CO)C(O)C(O)C5O)CCC4(C)C3CCC12C)C(C)C,302.46,574.4233396,5.625,4,4,99.4,8,0,0,160.756,0.886,0.281,FALSE,FALSE,TRUE,6730-83-2,https://www.biocrick.com/dbs/6730-83-2
Alstonine,BCN4606,3324650,382163506,C21H21N2O3,CC(C)C(C)C=CC(C)C1CCC2C1(C)CCC1C23C=CC2(CC(O)CCC12C)OO3,349.4,428.3290453,6.474,1,1,38.7,4,0,0,124.088,0.857,0.412,FALSE,FALSE,TRUE,642-18-2,https://www.biocrick.com/dbs/642-18-2
Annonacin,BCN4734,179866,382153334,C35H64O7,CC(C)=C[C@H]1C[C@](C)(O)[C@@H]2[C@H]3CC[C@@H]4[C@@]5(C)CC[C@H](O[C@@H]6OC[C@H](O)[C@H](O[C@@H]7O[C@H](CO)[C@@H](O)[C@H](O)[C@H]7O[C@@H]7OC[C@@H](O)[C@H](O)[C@H]7O)[C@H]6O[C@@H]6O[C@@H](C)[C@H](O)[C@@H](O)[C@H]6O)C(C)(C)[C@@H]5CC[C@@]4(C)[C@@]34CO[C@@]2(C4)O1,596.89,1044.55051,-0.542,11,11,314.8,10,0,0,250.05,0.962,0.097,FALSE,FALSE,FALSE,111035-65-5,https://www.biocrick.com/dbs/111035-65-5
Stigmasterol glucoside,BCN4865,73072970,382157918,C35H58O6,COc1c2c(cc3oc(COC4OC(CO)C(O)C(O)C4O)cc(=O)c13)OC(C(C)(C)O)C2,574.8,468.1631617,-0.807,5,5,168.3,6,2,0,112.01,0.591,0.36,FALSE,TRUE,FALSE,19716-26-8,https://www.biocrick.com/dbs/19716-26-8
Ergosterol peroxide,BCN4897,633877,382158207,C28H44O3,CC1=CCC(=C(C)C)C(=O)CC(C)=CCC1,428.7,218.1670653,4.359,0,0,17.1,0,0,0,69.363,0.533,0.436,FALSE,TRUE,TRUE,2061-64-5,https://www.biocrick.com/dbs/2061-64-5
Jujuboside B,BCN4950,24721031,382162441,C52H84O21,CC1OC(OC2C(OC(=O)C34CCC(C)(C)CC3C3=CCC5C6(C)CC(O)C(OC7OC(CO)C(O)C(O)C7O)C(CO)(CO)C6CCC5(C)C3(C)CC4O)OCC(O)C2O)C(O)C(O)C1OC1OCC(O)C(OC2OCC(O)(CO)C2O)C1O,1045.22,1224.577512,-5.378,17,17,453.3,14,0,0,281.632,0.947,0.044,FALSE,FALSE,FALSE,55466-05-2,https://www.biocrick.com/dbs/55466-05-2
Prim-O-glucosylcimifugin,BCN4952,14034911,382165061,C22H28O11,CC=C(C)C(=O)OC1c2c(ccc3ccc(=O)oc23)OC(C)(C)C1OC(=O)C(C)=CC,468.45,426.1678532,4.393,0,0,92,4,2,0,114.766,0.375,0.407,FALSE,TRUE,TRUE,80681-45-4,https://www.biocrick.com/dbs/80681-45-4
Germacrone,BCN4981,81323,382164054,C15H22O,C/C=C(/C)C(=O)O[C@@H]1[C@H](OC(=O)CC(C)C)c2c(ccc3ccc(=O)oc23)OC1(C)C,218.34,428.1835032,4.472,0,0,92,5,2,0,114.79,0.458,0.394,FALSE,TRUE,TRUE,6902-91-6,https://www.biocrick.com/dbs/6902-91-6
Platycodin D,BCN4982,75251600,382162792,C57H92O28,COc1c2ccoc2c(OCC(O)C(C)(C)O)c2oc(=O)ccc12,1225.33,334.1052529,2.058,2,2,102.3,5,3,0,86.608,0.353,0.688,FALSE,TRUE,TRUE,58479-68-8,https://www.biocrick.com/dbs/58479-68-8
Praeruptorin B,BCN4988,163334,382165140,C24H26O7,CC1(C)CC[C@]2(C(=O)O)CC[C@]3(CO)C(=CC[C@@H]4[C@@]5(C)C[C@H](O)[C@H](O[C@@H]6O[C@H](CO)[C@@H](O)[C@H](O)[C@H]6O)[C@@](C)(C(=O)O)[C@@H]5CC[C@]43C)[C@@H]2C1,426.46,680.3771772,2.066,8,8,214.4,6,0,0,170.078,0.889,0.15,FALSE,FALSE,FALSE,81740-07-0,https://www.biocrick.com/dbs/81740-07-0
Praeruptorin C,BCN4991,5320692,382164351,C24H28O7,CC1=CCCC23OC2C(OC3=O)c2c(C)coc2C1,428.48,260.104859,2.606,0,0,52,0,1,0,66.577,0.533,0.409,TRUE,TRUE,TRUE,72463-77-5,https://www.biocrick.com/dbs/72463-77-5
(+-)-Byakangelicin,BCN5000,616063,382157884,C17H18O7,OCC1OC(OC2OC=CC3C(O)C4OC4(CO)C23)C(O)C(O)C1O,334.32,362.1212969,-3.59,6,6,161.6,4,0,0,76.542,0.867,0.276,FALSE,FALSE,FALSE,19573-01-4,https://www.biocrick.com/dbs/19573-01-4
Tenuifolin,BCN5005,21588226,382158079,C36H56O12,CC1(C(=O)O)CCC2(C)CCC3(C)C4=C(CCC3(C)C2C1)C1(C)CCC(O)C(C)(C)C1CC4,680.8,456.3603454,7.378,2,2,57.5,1,0,0,132.752,0.9,0.405,FALSE,FALSE,TRUE,20183-47-5,https://www.biocrick.com/dbs/20183-47-5
Linderane,BCN5023,621329,382155222,C15H16O4,C=C1C(=O)OC2CC(C)C(C=CC(C)=O)=CCC12,260.28,246.1255944,2.586,0,0,43.4,2,0,0,68.812,0.467,0.555,TRUE,TRUE,TRUE,13476-25-0,https://www.biocrick.com/dbs/13476-25-0
Catalpol,BCN5094,3917786,382158909,C15H22O10,CC1OC(OC2C(OC3CCC4(C)C(CCC5(C)C4CC=C4C6CC(C)(C)CCC6(C(=O)O)CCC45C)C3(C)CO)OCC(O)C2O)C(O)C(O)C1O,362.3,750.4554275,3.521,7,7,195.6,6,0,0,191.942,0.927,0.155,FALSE,FALSE,FALSE,2415-24-9,https://www.biocrick.com/dbs/2415-24-9
Bryonolic acid,BCN5103,500182,382158969,C30H48O3,C=C/C(C)=C/C[C@H]1C(=C)CC[C@H]2[C@@](C)(C(=O)O)CCC[C@]12C,456.7,302.2245802,5.372,1,1,37.3,4,0,0,91.626,0.65,0.559,FALSE,FALSE,TRUE,24480-45-3,https://www.biocrick.com/dbs/24480-45-3
Xanthatin,BCN5150,282783,382159290,C15H18O3,O=C(O)C1=COC(OC2OC(CO)C(O)C(O)C2O)C2C(CO)=CCC12,246.3,374.1212969,-2.317,6,6,166.1,5,0,0,82.21,0.688,0.288,FALSE,FALSE,FALSE,26791-73-1,https://www.biocrick.com/dbs/26791-73-1
alpha-Hederin,BCN5159,267360,382159315,C41H66O12,N#CC(OC1OC(COC2OC(CO)C(O)C(O)C2O)C(O)C(O)C1O)c1ccccc1,751,457.1584107,-3.108,7,7,202.3,7,1,0,102.282,0.65,0.218,FALSE,FALSE,FALSE,27013-91-8,https://www.biocrick.com/dbs/27013-91-8
Communic acid,BCN5166,637125,382159367,C20H30O2,COc1ccc(C2CC(=O)c3c(O)cc(OC4OC(CO)C(O)C(O)C4O)cc3O2)cc1O,302.5,464.1318616,-0.008,6,6,175.4,5,2,0,109.477,0.409,0.351,FALSE,FALSE,FALSE,2761-77-5,https://www.biocrick.com/dbs/2761-77-5
Geniposidic acid,BCN5171,323273,382159381,C16H22O10,COc1ccc2c(c1)OC1c3ccc(O)cc3OCC21,374.3,270.0892089,3.011,1,1,47.9,1,2,0,72.706,0.25,0.865,TRUE,TRUE,TRUE,27741-01-1,https://www.biocrick.com/dbs/27741-01-1
Amygdalin,BCN5206,2180,382159620,C20H27NO11,COc1cc(C2c3c(cc(OC)c(O)c3OC)CC(CO)C2COC2OCC(O)C(O)C2O)cc(OC)c1O,457.4,552.2206766,0.501,6,6,176.8,9,2,0,135.747,0.556,0.254,FALSE,FALSE,FALSE,29883-15-6,https://www.biocrick.com/dbs/29883-15-6
Hesperetin 7-O-glucoside,BCN5237,20111686,382159859,C22H24O11,COc1cc2c(cc1OC)-c1cc3ccc(OC)c(OC)c3c[n+]1CC2.[Cl-],464.4,387.1237359,0.389,0,0,40.8,4,3,0,99.491,0.286,0.607,FALSE,TRUE,TRUE,31712-49-9,https://www.biocrick.com/dbs/31712-49-9
Medicarpin,BCN5241,623060,382159908,C16H14O4,CC1CCC2(C(=O)OC3OC(CO)C(O)C(O)C3O)CCC3(C)C(=CCC4C5(C)CCC(OC6OCC(O)C(O)C6O)C(C)(C)C5CCC43C)C2C1(C)O,270.3,766.4503422,1.926,8,8,215.8,5,0,0,192.921,0.927,0.114,FALSE,FALSE,FALSE,32383-76-9,https://www.biocrick.com/dbs/32383-76-9
Lyoniside,BCN5277,14521038,382160163,C27H36O12,CC1COC2=C1C(=O)C(=O)c1c2ccc2c1CCCC2(C)C,552.6,296.1412445,3.443,0,0,43.4,0,1,0,83.78,0.474,0.689,TRUE,TRUE,TRUE,34425-25-7,https://www.biocrick.com/dbs/34425-25-7
Palmatine,BCN5285,73442,382160221,C21H22NO4,COc1cc(O)cc2c1C(=O)CC(c1ccccc1)O2,352.4,270.0892089,3.107,1,1,55.8,2,2,0,73.417,0.188,0.911,TRUE,TRUE,TRUE,3486-67-7,https://www.biocrick.com/dbs/3486-67-7
Ziyuglycoside I,BCN5290,12447833,382160271,C41H66O13,O=C(O)C1OC(Oc2cc(O)c3c(=O)cc(-c4ccc(O)cc4)oc3c2)C(O)C(O)C1O,767,446.0849114,0.142,6,6,187.1,4,3,0,106.195,0.238,0.32,FALSE,FALSE,FALSE,35286-58-9,https://www.biocrick.com/dbs/35286-58-9
Cryptotanshinone,BCN5304,496348,382160340,C19H20O3,O=C(C=Cc1ccc(O)c2c1C(C(=O)O)C(c1ccc(O)c(O)c1)O2)OC(Cc1ccc(O)c(O)c1)C(=O)O,296.4,538.1111261,2.769,7,7,211.3,8,3,0,131.65,0.148,0.125,FALSE,FALSE,FALSE,35825-57-1,https://www.biocrick.com/dbs/35825-57-1
Alpinetin,BCN5315,4053302,382160369,C16H14O4,CC(=O)O[C@@H]1[C@@H](O)[C@H](C)O[C@@H](O[C@@H]2[C@@H](O)[C@@H](O)[C@@H](C)O[C@H]2O[C@@H]2C[C@H](O)CC3=CC[C@H]4[C@@H]5C[C@@H]6O[C@]7(CC[C@@H](C)CO7)[C@@H](C)[C@@H]6[C@@]5(C)CC[C@@H]4[C@]32C)[C@@H]1O,270.3,764.4346921,2.959,5,5,182.8,5,0,0,191.081,0.927,0.204,FALSE,FALSE,FALSE,36052-37-6,https://www.biocrick.com/dbs/36052-37-6
Apigenin-7-glucuronide,BCN5326,5387370,382159602,C21H18O11,CC1CCC2(OC1)OC1CC3C4CC=C5CC(O)CC(OC6OC(C)C(O)C(O)C6OC6OC(C)C(O)C(O)C6O)C5(C)C4CCC3(C)C1C2C,446.36,722.4241274,2.388,6,6,176.8,4,0,0,181.534,0.949,0.234,FALSE,FALSE,FALSE,29741-09-1,https://www.biocrick.com/dbs/29741-09-1
Lithospermic acid,BCN5369,4482010,382159509,C27H22O12,C=C(C)C1CCC2(C)C(CC=C3C4C(C)C(C)CCC4(C)CCC32C)C1(C)CCC(=O)O,538.46,440.3654308,8.285,1,1,37.3,4,0,0,133.312,0.833,0.446,FALSE,FALSE,TRUE,28831-65-4,https://www.biocrick.com/dbs/28831-65-4
Lirioprolioside B,BCN2740,46173858,382157511,C41H64O13,O=c1cc(-c2ccc(O)c(O)c2)oc2cc(OC3OC(CO)C(O)C(O)C3O)cc(O)c12,764.95,448.1005615,-0.244,7,7,190.3,4,3,0,107.31,0.286,0.261,FALSE,FALSE,FALSE,182284-68-0,https://www.biocrick.com/dbs/182284-68-0
Ophiopogonin B,BCN5378,12313751,382160651,C39H62O12,COC[C@]12CN(C)C3[C@@H]4[C@H](OC)[C@H]1[C@@]3([C@@H](OC)C[C@H]2O)[C@@H]1C[C@]2(O)[C@@H](OC)[C@H](O)[C@@]4(O)[C@H]1[C@H]2OC(=O)c1ccccc1,722.91,589.2886966,-0.313,4,4,147.4,7,1,0,146.304,0.774,0.311,FALSE,FALSE,FALSE,38971-41-4,https://www.biocrick.com/dbs/38971-41-4
Roburic acid,BCN5385,12315004,382163927,C30H48O2,CCN1C[C@@]2(COC)[C@H]3[C@@H](OC)[C@H]4C1[C@]3([C@@H](OC)C[C@H]2O)[C@@H]1C[C@]2(O)[C@@H](OC)[C@H](O)[C@@]4(O)[C@H]1[C@H]2OC(=O)c1ccccc1,440.71,603.3043466,0.077,4,4,147.4,8,1,0,150.921,0.781,0.3,FALSE,FALSE,FALSE,6812-81-3,https://www.biocrick.com/dbs/6812-81-3
Luteolin-7-O-glucoside,BCN5388,5291488,382162206,C21H20O11,O=c1c(O)cc(C2Oc3cc(O)cc(O)c3CC2O)cc2c(C3Oc4cc(O)cc(O)c4CC3O)cc(O)c(O)c12,448.38,564.1267762,2.213,9,9,217.6,2,4,0,140.915,0.207,0.16,FALSE,FALSE,FALSE,11/5/5373,https://www.biocrick.com/dbs/5373-11-5
Benzoylmesaconine,BCN5398,24832659,382163391,C31H43NO10,COc1c2c(cc3oc(CO)cc(=O)c13)OC(C(C)(C)O)C2,589.68,306.1103383,1.368,2,2,89.1,3,2,0,79.377,0.438,0.89,FALSE,TRUE,TRUE,63238-67-5,https://www.biocrick.com/dbs/63238-67-5
Benzoylaconine,BCN5400,20055771,382161168,C32H45NO10,CC=C1C(OC2OC(CO)C(O)C(O)C2O)OC=C(C(=O)OC)C1CC(=O)OCC1OC(OCCc2ccc(O)cc2)C(O)C(O)C1O,603.7,686.2421999,-2.516,8,8,260.6,12,1,0,157.091,0.613,0.083,FALSE,FALSE,FALSE,466-24-0,https://www.biocrick.com/dbs/466-24-0
Isoforsythiaside,,135438671,,,O=c1c(-c2ccc(O)cc2)coc2cc(O)cc(O)c12,,270.0528234,2.577,3,3,90.9,1,3,0,72.914,0,0.632,FALSE,TRUE,TRUE,,https://www.biocrick.com/dbs/1357910-26-9
Theaflavin,BCN5419,5087850,382161178,C29H24O12,CC1CCC2(C(=O)O)CCC3(C)C(=CCC4C5(C)CC(O)C(O)C(C)(C)C5CCC43C)C2C1C,564.49,472.35526,6.06,3,3,77.8,1,0,0,134.001,0.9,0.405,FALSE,FALSE,TRUE,5/7/4670,https://www.biocrick.com/dbs/4670-05-7
Cimifugin,BCN5433,72987608,382160545,C16H18O6,CC1CCC2(C(=O)O)CCC3(C)C(=CCC4C5(C)CC(O)C(O)C(C)(CO)C5CCC43C)C2C1C,306.3,488.3501746,5.033,4,4,98,2,0,0,135.413,0.9,0.409,FALSE,FALSE,TRUE,37921-38-3,https://www.biocrick.com/dbs/37921-38-3
Nuezhenide,BCN5444,5280961,382160658,C31H42O17,Oc1ccc2c(c1)OCC1(O)Cc3cc(O)c(O)cc3C21,686.7,286.0841235,1.615,4,4,90.2,0,2,0,73.87,0.25,0.552,FALSE,TRUE,TRUE,39011-92-2,https://www.biocrick.com/dbs/39011-92-2
Genistein,BCN5499,15917996,382161076,C15H10O5,CCC(CCC(C)C1CCC2C3CC=C4CC(OC5OC(CO)C(O)C(O)C5O)CCC4(C)C3CCC12C)C(C)C,270.2,576.4389896,5.849,4,4,99.4,9,0,0,160.85,0.943,0.257,FALSE,FALSE,TRUE,446-72-0,https://www.biocrick.com/dbs/446-72-0
Corosolic acid,BCN5503,296191,382161111,C30H48O4,O=c1oc2c(O)c(O)cc3c(=O)oc4c(O)c(O)cc1c4c23,472.7,302.0062672,1.313,4,4,141.3,0,4,0,73.877,0,0.216,FALSE,TRUE,FALSE,4547-24-4,https://www.biocrick.com/dbs/4547-24-4
Asiatic acid,BCN5506,222515,382161149,C30H48O5,O=c1c2cc(O)c(O)cc2oc2cc(O)c(C3OC(CO)C(O)C(O)C3O)c(O)c12,488.7,422.0849114,-0.716,8,8,201.3,2,3,0,99.369,0.316,0.191,FALSE,FALSE,FALSE,464-92-6,https://www.biocrick.com/dbs/464-92-6
Brazilin,BCN5529,296119,382161246,C16H14O5,C=C1C(=O)OC2C1CCC(=C)C1CCC(=C)C12,286.3,230.1306798,3.017,0,0,26.3,0,0,0,66.238,0.533,0.363,TRUE,TRUE,TRUE,474-07-7,https://www.biocrick.com/dbs/474-07-7
Daucosterol,BCN5531,5281855,382161250,C35H60O6,COc1ccc(-c2oc3cc(OC)c(OC)c(O)c3c(=O)c2OC)cc1OC,576.9,388.1158176,3.209,1,1,96.6,6,3,0,102.345,0.25,0.688,FALSE,TRUE,TRUE,474-58-8,https://www.biocrick.com/dbs/474-58-8
Ellagic acid,BCN5533,5358385,382161281,C14H6O8,O=C1c2c(O)cc(O)cc2OC(c2ccc(O)cc2)C1O,302.2,288.0633881,1.481,4,4,107.2,1,2,0,71.585,0.133,0.633,FALSE,TRUE,TRUE,476-66-4,https://www.biocrick.com/dbs/476-66-4
Mangiferin,BCN5535,4426320,382161302,C19H18O11,O=C1c2cccc(O)c2C(=O)c2c(O)cc(CO)cc21,422.3,270.0528234,1.365,3,3,94.8,1,2,0,69.001,0.067,0.62,FALSE,TRUE,TRUE,4773-96-0,https://www.biocrick.com/dbs/4773-96-0
Dehydrocostus lactone,BCN5536,5320351,382161292,C15H18O2,O=C1c2cc(O)cc(O)c2C(=O)c2c(O)cc(CO)cc21,230.3,286.047738,1.071,4,4,115.1,1,2,0,70.666,0.067,0.532,FALSE,TRUE,TRUE,477-43-0,https://www.biocrick.com/dbs/477-43-0
Artemetin,BCN5547,662,382161336,C20H20O8,Cc1cc(O)c2c(c1)C(=O)c1cccc(O)c1C2=O,388.4,254.0579088,2.182,2,2,74.6,0,2,0,67.816,0.067,0.644,TRUE,TRUE,TRUE,479-90-3,https://www.biocrick.com/dbs/479-90-3
Aromadendrin,BCN5552,10207,382161354,C15H12O6,CC1OC(Oc2c(-c3ccc(O)cc3)oc3cc(O)cc(O)c3c2=O)C(O)C(O)C1O,288.3,432.1056468,0.783,6,6,170,3,3,0,105.898,0.286,0.348,FALSE,FALSE,FALSE,480-20-6,https://www.biocrick.com/dbs/480-20-6
Aloeemodin,BCN5565,361512,382161395,C15H10O5,CC(C)=CCOc1c2occc2cc2ccc(=O)oc12,270.2,270.0892089,3.884,0,0,52.6,3,3,0,77.182,0.188,0.535,TRUE,TRUE,TRUE,481-72-1,https://www.biocrick.com/dbs/481-72-1
Citreorosein,BCN5566,10208,382161396,C15H10O6,COc1cc2ccc(=O)oc2c2ccoc12,286.2,216.0422587,2.548,0,0,52.6,1,3,0,58.808,0.083,0.586,TRUE,TRUE,TRUE,481-73-2,https://www.biocrick.com/dbs/481-73-2
Chrysophanol,BCN5567,5835713,382161397,C15H10O4,COc1ccc2ccc(=O)oc2c1CC=C(C)C,254.2,244.1099444,3.31,0,0,39.4,3,2,0,72.171,0.267,0.614,TRUE,TRUE,TRUE,481-74-3,https://www.biocrick.com/dbs/481-74-3
Afzelin,BCN5573,10212,382161404,C21H20O10,O=c1c(-c2ccc(O)cc2)coc2cc(O)ccc12,432.4,254.0579088,2.871,2,2,70.7,1,3,0,71.25,0,0.7,TRUE,TRUE,TRUE,482-39-3,https://www.biocrick.com/dbs/482-39-3
Imperatorin,BCN5574,108104,382161405,C16H14O4,COc1cc(C2OCC3C(c4ccc(O)c(OC)c4)OCC23)ccc1O,270.3,358.1416384,3.19,2,2,77.4,4,2,0,93.684,0.4,0.874,TRUE,TRUE,TRUE,482-44-0,https://www.biocrick.com/dbs/482-44-0
Sphondin,BCN5579,10228,382161424,C12H8O4,O=c1c(O)c(-c2cc(O)c(O)c(O)c2)oc2cc(O)ccc12,216.2,302.0426527,1.988,5,5,131.4,1,3,0,76.244,0,0.434,FALSE,TRUE,TRUE,483-66-9,https://www.biocrick.com/dbs/483-66-9
Osthol,BCN5581,5281708,382161433,C15H16O3,O=c1cc(-c2ccccc2)oc2cc(O)c(O)c(O)c12,244.3,270.0528234,2.577,3,3,90.9,1,3,0,72.914,0,0.591,FALSE,TRUE,TRUE,484-12-8,https://www.biocrick.com/dbs/484-12-8
Daidzein,BCN5590,234817,382161463,C15H10O4,O=c1cc(-c2ccc(O)c(O)c2)oc2cc(O)cc(O)c12,254.2,286.047738,2.282,4,4,111.1,1,3,0,74.579,0,0.511,FALSE,TRUE,TRUE,486-66-8,https://www.biocrick.com/dbs/486-66-8
Pinoresinol,BCN5591,5281692,382161477,C20H22O6,CC(C)(O)C1Cc2cc3ccc(=O)oc3cc2O1,358.4,246.0892089,1.867,1,1,59.7,1,2,0,66.902,0.357,0.78,FALSE,TRUE,TRUE,487-36-5,https://www.biocrick.com/dbs/487-36-5
Robinetin,BCN5596,5281605,382161509,C15H10O7,CC1(C)CCC2(C(=O)O)CCC3(C)C(=CCC4C5(C)CCC(O)C(C)(C)C5CCC43C)C2C1,302.2,456.3603454,7.234,2,2,57.5,1,0,0,132.682,0.9,0.409,FALSE,FALSE,TRUE,490-31-3,https://www.biocrick.com/dbs/490-31-3
Baicalein,BCN5599,5280445,382161519,C15H10O5,Cc1cc(O)c2c(c1)C(=O)c1cc(O)cc(O)c1C2=O,270.2,270.0528234,1.887,3,3,94.8,0,2,0,69.48,0.067,0.579,FALSE,TRUE,TRUE,491-67-8,https://www.biocrick.com/dbs/491-67-8
Luteolin,BCN5600,604512,382161521,C15H10O6,O=C1CCCC2C3CCCN4CCCC(CN12)C34,286.2,248.1888634,1.872,0,0,23.6,0,0,0,70.161,0.933,0.653,FALSE,TRUE,TRUE,491-70-3,https://www.biocrick.com/dbs/491-70-3
Nodakenetin,BCN5604,619166,382161543,C14H14O4,COc1ccc(C2CC(=O)c3c(O)cc(OC4OC(COC5OC(C)C(O)C(O)C5O)C(O)C(O)C4O)cc3O2)cc1O,246.3,610.1897704,-1.157,8,8,234.3,7,2,0,140.699,0.536,0.185,FALSE,FALSE,FALSE,495-32-9,https://www.biocrick.com/dbs/495-32-9
"2,3-Di-O-methylthiomethyleuscaphic acid",,3220,,,COc1cc(-c2cc(=O)c3c(O)cc(O)cc3o2)cc(OC)c1O,,330.0739528,2.594,3,3,109.4,3,3,0,86.018,0.118,0.677,FALSE,TRUE,TRUE,,https://www.biocrick.com/dbs/
Oleanolic acid,BCN5616,285698,382161709,C30H48O3,COc1ccc(C2CC(=O)c3c(O)cc(O)cc3O2)cc1O,456.7,302.0790382,2.519,3,3,96.2,2,2,0,76.747,0.188,0.789,FALSE,TRUE,TRUE,508-02-1,https://www.biocrick.com/dbs/508-02-1
Emodin,BCN5649,3594,382161892,C15H10O5,COc1cc(O)c2c(c1)C(=O)c1cc(C)cc(O)c1C2=O,270.2,284.0684735,2.19,2,2,83.8,1,2,0,74.368,0.125,0.715,TRUE,TRUE,TRUE,518-82-1,https://www.biocrick.com/dbs/518-82-1
Matrine,BCN5650,5281702,382161909,C15H24N2O,CC1OC(Oc2c(-c3ccc(O)c(O)c3)oc3cc(O)cc(O)c3c2=O)C(O)C(O)C1O,248.4,448.1005615,0.489,7,7,190.3,3,3,0,107.563,0.286,0.276,FALSE,FALSE,FALSE,519-02-8,https://www.biocrick.com/dbs/519-02-8
Hesperidin,BCN5654,3593,382161931,C28H34O15,O=c1ccc2ccc3occc3c2o1,610.6,186.031694,2.539,0,0,43.4,0,3,0,52.256,0,0.506,TRUE,TRUE,TRUE,520-26-3,https://www.biocrick.com/dbs/520-26-3
Tricin,BCN5656,10639,382161934,C17H14O7,CC(C)(O)CCC(O)C(C)(O)C1CCC2(O)C3=CC(=O)C4CC(O)C(O)CC4(C)C3CCC12C,330.3,480.3087037,1.854,6,6,138.5,5,0,0,126.602,0.889,0.353,FALSE,FALSE,TRUE,520-32-1,https://www.biocrick.com/dbs/520-32-1
Hesperetin,BCN5657,5353915,382161935,C16H14O6,COc1ccc(C(C)=O)c(O)c1,302.3,166.0629942,1.603,1,1,46.5,2,1,0,44.663,0.222,0.679,FALSE,TRUE,TRUE,520-33-2,https://www.biocrick.com/dbs/520-33-2
Physcion,BCN5663,10658,382161957,C16H12O5,C=C1C(=O)OC2C=C(C)CCC=C(C)CCC12,284.3,232.1463299,3.551,0,0,26.3,0,0,0,68.492,0.533,0.363,TRUE,TRUE,TRUE,521-61-9,https://www.biocrick.com/dbs/521-61-9
Quercitrin,BCN5665,271605,382161968,C21H20O11,Cc1coc2c1C(=O)C(=O)c1c-2ccc2c1CCCC2(C)C,448.4,294.1255944,4.248,0,0,47.3,0,2,0,83.506,0.368,0.682,FALSE,TRUE,TRUE,522-12-3,https://www.biocrick.com/dbs/522-12-3
Angelicin,BCN5669,11092,382161988,C11H6O3,Cc1coc2c1C(=O)C(=O)c1c-2ccc2c(C)cccc12,186.2,276.0786442,4.096,0,0,47.3,0,3,0,79.785,0.111,0.581,FALSE,TRUE,TRUE,523-50-2,https://www.biocrick.com/dbs/523-50-2
20-Hydroxyecdysone,BCN5688,556919,382162072,C27H44O7,COC(=O)C1=COC(OC2OC(CO)C(O)C(O)C2O)C2C1C(O)CC2(C)OC(C)=O,480.6,448.1580763,-2.465,5,5,181.4,5,0,0,97.599,0.789,0.28,FALSE,TRUE,FALSE,5289-74-7,https://www.biocrick.com/dbs/5289-74-7
Paeonol,BCN5738,164676,382162407,C9H10O3,O=c1cc(-c2ccc(O)cc2)oc2cc(OC3OC(CO)C(O)C(O)C3O)cc(O)c12,166.2,432.1056468,0.05,6,6,170,4,3,0,105.645,0.286,0.331,FALSE,FALSE,FALSE,552-41-0,https://www.biocrick.com/dbs/552-41-0
Costunolide,BCN5740,114917,382162427,C15H20O2,COc1ccc(-c2cc(=O)c3c(O)c(OC)c(O)cc3o2)cc1,232.3,314.0790382,2.888,2,2,89.1,3,3,0,84.354,0.118,0.772,TRUE,TRUE,TRUE,553-21-9,https://www.biocrick.com/dbs/553-21-9
Tanshinone IIA,BCN5763,18759764,382162587,C19H18O3,COc1cc2c(c(OC)c1OC)-c1c(cc(OC)c(OC)c1OC)CC(C)(O)C(C)C2,294.4,432.2148034,3.891,1,1,75.6,6,2,0,118.386,0.5,0.742,TRUE,TRUE,TRUE,568-72-9,https://www.biocrick.com/dbs/568-72-9
Tanshinone I,BCN5764,5385553,382162588,C18H12O3,O=Cc1ccc(O)cc1,276.3,122.0367794,1.205,1,1,37.3,1,1,0,33.494,0,0.568,FALSE,TRUE,TRUE,568-73-0,https://www.biocrick.com/dbs/568-73-0
8-O-Acetylshanzhiside methyl ester,BCN5776,5320438,382162667,C19H28O12,COC1C(O)C(O)C(O)C(O)C1O,448.4,194.0790382,-3.18,5,5,110.4,1,0,0,40.831,1,0.301,FALSE,TRUE,TRUE,57420-46-9,https://www.biocrick.com/dbs/57420-46-9
Cosmosiin,BCN5788,23915,382162714,C21H20O10,CC(=CCCC(C)C1CCC2(C)C3=CCC4C(C)(CCC(O)C4(C)C)C3=CCC12C)CO,432.4,440.3654308,7.228,2,2,40.5,5,0,0,134.198,0.8,0.443,FALSE,FALSE,TRUE,578-74-5,https://www.biocrick.com/dbs/578-74-5
Pectolinarigenin,BCN5813,126,382161929,C17H14O6,CC(=CCCC(C)C1CCC2(C)C3=CCC4C(C)(C)C(=O)CCC4(C)C3=CCC12C)CO,314.3,438.3497807,7.436,1,1,37.3,5,0,0,133.198,0.767,0.453,FALSE,FALSE,TRUE,520-12-7,https://www.biocrick.com/dbs/520-12-7
Schisandrin A,BCN5815,230881,382164524,C24H32O7,C/C(=C\CC[C@@H](C)[C@H]1CC[C@@]2(C)C3=CC[C@H]4C(C)(C)C(=O)CC[C@]4(C)C3=CC[C@]12C)C(=O)O,432.5,452.3290453,7.528,1,1,54.4,5,0,0,133.748,0.733,0.439,FALSE,FALSE,TRUE,7432-28-2,https://www.biocrick.com/dbs/7432-28-2
4-Hydroxybenzaldehyde,BCN5816,73189060,382154383,C7H6O2,O=c1c(-c2ccc(O)cc2)coc2cc(OC3OC(CO)C(O)C(O)C3O)ccc12,122.1,416.1107322,0.344,5,5,149.8,4,3,0,103.98,0.286,0.406,FALSE,TRUE,FALSE,123-08-0,https://www.biocrick.com/dbs/123-08-0
D-Pinitol,BCN5842,73082616,382152727,C7H14O6,O=C(C=Cc1ccc(O)c(O)c1)OC(Cc1ccc(O)c(O)c1)C(=O)O,194.2,360.0845175,1.761,5,5,144.5,6,2,0,89.797,0.111,0.298,FALSE,TRUE,FALSE,10284-63-6,https://www.biocrick.com/dbs/10284-63-6
Ganoderol B,BCN5859,12444571,382152905,C30H48O2,CC=CC#CC#CC(O)C(C=CCCCO)OC1OC(CO)C(O)C(O)C1O,440.7,396.1784179,-1.556,6,6,139.8,8,0,0,100.473,0.6,0.165,FALSE,FALSE,TRUE,104700-96-1,https://www.biocrick.com/dbs/104700-96-1
Ganoderol A,BCN5860,4183640,382152906,C30H46O2,COc1cc2c(=O)c(-c3ccc(O)cc3)coc2cc1OC1OC(CO)C(O)C(O)C1O,438.7,446.1212969,0.353,5,5,159.1,5,3,0,110.532,0.318,0.37,FALSE,TRUE,FALSE,104700-97-2,https://www.biocrick.com/dbs/104700-97-2
Ganoderic acid S,BCN5861,5099,382152913,C30H44O3,COc1cc2c(=O)c(-c3ccc(O)cc3)coc2cc1O,452.7,284.0684735,2.88,2,2,79.9,2,3,0,77.802,0.062,0.756,TRUE,TRUE,TRUE,104759-35-5,https://www.biocrick.com/dbs/104759-35-5
Daidzin,BCN5891,372976,382162411,C21H20O9,CC(C)=CCOc1c2ccoc2cc2oc(=O)ccc12,416.38,270.0892089,3.884,0,0,52.6,3,3,0,77.182,0.188,0.535,TRUE,TRUE,TRUE,552-66-9,https://www.biocrick.com/dbs/552-66-9
Rosmarinic acid,BCN5893,12004532,382158123,C18H16O8,O=C(O)C1OC(Oc2cc3oc(-c4ccccc4)cc(=O)c3c(O)c2O)C(O)C(O)C1O,360.31,446.0849114,0.142,6,6,187.1,4,3,0,106.195,0.238,0.299,FALSE,FALSE,FALSE,20283-92-5,https://www.biocrick.com/dbs/20283-92-5
Lobetyolin,BCN5894,5317750,382155315,C20H28O8,O=C(C=Cc1ccc(O)c(O)c1)OC1C(O)CC(O)(C(=O)O)CC1O,396.43,354.0950822,-0.646,6,6,164.7,4,1,0,82.519,0.375,0.234,FALSE,FALSE,FALSE,136085-37-5,https://www.biocrick.com/dbs/136085-37-5
Glycitin,BCN5895,68081,382160746,C22H22O10,O=C(C=Cc1ccc(O)c(O)c1)OC1CC(O)(C(=O)O)CC(OC(=O)C=Cc2ccc(O)c(O)c2)C1O,446.41,516.1267762,1.03,7,7,211.3,7,2,0,125.198,0.24,0.156,FALSE,FALSE,FALSE,40246-10-4,https://www.biocrick.com/dbs/40246-10-4
Glycitein,BCN5896,3807559,382160814,C16H12O5,O=C(C=Cc1ccc(O)c(O)c1)OC1CC(O)(C(=O)O)CC(O)C1OC(=O)C=Cc1ccc(O)c(O)c1,284.26,516.1267762,1.03,7,7,211.3,7,2,0,125.198,0.24,0.156,FALSE,FALSE,FALSE,40957-83-3,https://www.biocrick.com/dbs/40957-83-3
Isoimperatorin,BCN5897,348159,382161406,C16H14O4,O=C(C=Cc1ccc(O)c(O)c1)OC1CC(OC(=O)C=Cc2ccc(O)c(O)c2)(C(=O)O)CC(O)C1O,270.28,516.1267762,1.03,7,7,211.3,7,2,0,125.198,0.24,0.156,FALSE,FALSE,FALSE,482-45-1,https://www.biocrick.com/dbs/482-45-1
Baicalin,BCN5901,58427569,382158511,C21H18O11,COc1ccc(C2CC(=O)c3c(O)cc(OC4OC(CO)C(O)C(O)C4OC4OC(C)C(O)C(O)C4O)cc3O2)cc1O,446.37,610.1897704,-1.157,8,8,234.3,7,2,0,140.699,0.536,0.185,FALSE,FALSE,FALSE,21967-41-9,https://www.biocrick.com/dbs/21967-41-9
Chlorogenic acid,BCN5906,60150332,382159936,C16H18O9,C[C@H]1O[C@@H](O[C@H]2CC[C@@]3(C)[C@@H](CC[C@]4(C)[C@@H]3C=CC3=C5CC(C)(C)CC[C@]5(CO)[C@H](O)C[C@]34C)[C@]2(C)CO)[C@H](O)[C@@H](O[C@@H]2O[C@H](CO)[C@@H](O)[C@H](O)[C@H]2O)[C@H]1O,354.31,780.4659922,1.681,9,9,219,7,0,0,198.764,0.905,0.168,FALSE,FALSE,FALSE,327-97-9,https://www.biocrick.com/dbs/327-97-9
Cryptochlorogenic acid,BCN5907,3802778,382166181,C16H18O9,CCCCCCCC(O)CC(=O)CCc1ccc(O)c(OC)c1,354.31,322.2144094,4.014,2,2,66.8,12,1,0,91.987,0.632,0.571,FALSE,TRUE,FALSE,905-99-7,https://www.biocrick.com/dbs/905-99-7
Isochlorogenic acid A,BCN5908,205954,382158970,C25H24O12,CCCCCCCCCC(O)CC(=O)CCc1ccc(O)c(OC)c1,516.45,350.2457096,4.794,2,2,66.8,14,1,0,101.221,0.667,0.473,FALSE,TRUE,FALSE,2450-53-5,https://www.biocrick.com/dbs/2450-53-5
Isochlorogenic acid C,BCN2498,73442,382162660,C25H24O12,CC(C)[C@@H]1[C@@H]2OC(=O)[C@H]1[C@@H]1CC[C@@H]3CN(C)[C@H]2[C@@]31C.[Cl-].[H+],516.45,299.1652068,-0.723,0,0,29.5,1,0,0,73.549,0.938,0.599,FALSE,TRUE,TRUE,57378-72-0,https://www.biocrick.com/dbs/57378-72-0
"1,5-Dicaffeoylquinic acid",BCN5913,232990,382159759,C25H24O12,COc1ccc(C=CC(=O)O)cc1O,516.45,194.0579088,1.499,2,2,66.8,3,1,0,51.329,0.1,0.715,FALSE,TRUE,TRUE,30964-13-7,https://www.biocrick.com/dbs/30964-13-7
Palmatine hydrochloride,BCN5914,21637642,382153009,C21H22ClNO4,COc1ccc(-c2coc3cc(OC4OC(CO)C(O)C(O)C4O)ccc3c2=O)cc1,387.86,430.1263823,0.647,4,4,138.8,5,3,0,108.867,0.318,0.459,FALSE,TRUE,TRUE,10605-02-4,https://www.biocrick.com/dbs/10605-02-4
Neohesperidin,BCN5915,5275725,382155054,C28H34O15,COc1ccc(-c2coc3cc(O)ccc3c2=O)cc1O,610.56,284.0684735,2.88,2,2,79.9,2,3,0,77.802,0.062,0.756,TRUE,TRUE,TRUE,13241-33-3,https://www.biocrick.com/dbs/13241-33-3
Saikosaponin B2,BCN5916,5275726,382162782,C42H68O13,COc1ccc(-c2coc3cc(OC4OC(CO)C(O)C(O)C4O)ccc3c2=O)cc1O,780.98,446.1212969,0.353,5,5,159,5,3,0,110.532,0.318,0.37,FALSE,TRUE,FALSE,58316-41-9,https://www.biocrick.com/dbs/58316-41-9
8-Gingerol,BCN5921,92031382,382158831,C19H30O4,CC1(C(=O)O)CCC2(C)CCC3(C)C(=CC(=O)C4C5(C)CCC(OC6OC(C(=O)O)C(O)C(O)C6OC6OC(C(=O)O)C(O)C(O)C6O)C(C)(C)C5CCC43C)C2C1,322.44,822.4037859,2.246,8,8,267,7,0,0,199.438,0.857,0.171,FALSE,FALSE,FALSE,23513-08-8,https://www.biocrick.com/dbs/23513-08-8
10-Gingerol,BCN5922,92126,382158833,C21H34O4,CC1(C(=O)O)CCC2(C)CCC3(C)C(=CC(=O)C4C5(C)CCC(O)C(C)(C)C5CCC43C)C2C1,350.49,470.3396099,6.413,2,2,74.6,1,0,0,133.072,0.867,0.464,FALSE,FALSE,TRUE,23513-15-7,https://www.biocrick.com/dbs/23513-15-7
Dendrobine,BCN5923,3733033,382158346,C16H25NO2,O=C1CC(c2ccc(OC3OC(CO)C(O)C(O)C3O)cc2)Oc2cc(O)ccc21,263.38,418.1263823,0.277,5,5,145.9,4,2,0,101.261,0.381,0.472,FALSE,TRUE,FALSE,2115-91-5,https://www.biocrick.com/dbs/2115-91-5
Soyasaponin Be Methyl Ester,BCN5925,5280448,382153763,C49H78O18,O=C(C=Cc1ccc(OC2OC(CO)C(O)C(O)C2O)cc1)c1ccc(O)cc1O,955.2,418.1263823,0.173,6,6,156.9,6,2,0,103.973,0.286,0.284,FALSE,FALSE,FALSE,117210-13-6,https://www.biocrick.com/dbs/117210-13-6
Ononin,BCN5926,91973796,382161460,C22H22O9,O=C(O)c1cc(O)c2c(c1)C(=O)c1cccc(O)c1C2=O,430.4,284.032088,1.571,3,3,111.9,1,2,0,70.038,0,0.625,FALSE,TRUE,TRUE,486-62-4,https://www.biocrick.com/dbs/486-62-4
Calycosin,BCN5930,3495,382158204,C16H12O5,COc1cc(C=CC(=O)O)ccc1O,284.26,194.0579088,1.499,2,2,66.8,3,1,0,51.329,0.1,0.715,FALSE,TRUE,TRUE,20575-57-9,https://www.biocrick.com/dbs/20575-57-9
Calycosin-7-O-beta-D-glucoside,BCN5931,3230,382158211,C22H22O10,CC1CCC(C(C)C)C(O)C1,446.4,156.1514153,2.44,1,1,20.2,1,0,0,47.35,1,0.618,TRUE,TRUE,TRUE,20633-67-4,https://www.biocrick.com/dbs/20633-67-4
Glycyrrhizic acid,BCN5941,3794292,382155645,C42H62O16,O=C(C=Cc1ccc(O)c(O)c1C=Cc1ccc(O)c(O)c1)OC(Cc1ccc(O)c(O)c1)C(=O)O,822.92,494.1212969,3.343,7,7,185,8,3,0,128.497,0.077,0.106,FALSE,FALSE,FALSE,1405-86-3,https://www.biocrick.com/dbs/1405-86-3
Glycyrrhetinic acid,BCN5942,72728334,382161215,C30H46O4,COc1ccc2cc1Oc1ccc(cc1)CC1c3cc(c(OC)cc3CCN1C)Oc1c(O)c(OC)cc3c1C(C2)N(C)CC3,470.64,608.288637,6.859,1,1,72.9,3,4,0,172.795,0.351,0.271,FALSE,FALSE,TRUE,471-53-4,https://www.biocrick.com/dbs/471-53-4
Liquiritin,BCN5944,10168,382162397,C21H22O9,O=c1c(-c2ccc(O)cc2)coc2c(C3OC(CO)C(O)C(O)C3O)c(O)ccc12,418.39,416.1107322,0.386,6,6,160.8,3,3,0,103.97,0.286,0.355,FALSE,FALSE,FALSE,551-15-5,https://www.biocrick.com/dbs/551-15-5
Isoliquiritin,BCN5945,709,382161679,C21H22O9,CC(C)(O)C1CCC(C)(C2C(O)CC3(C)C4CC(OC5OC(CO)C(O)C(O)C5O)C5C(C)(C)C(OC6OCC(O)C(O)C6O)CCC56CC46CCC23C)O1,418.39,784.4609068,0.724,9,9,228.2,7,0,0,193.74,1,0.162,FALSE,FALSE,FALSE,5041-81-6,https://www.biocrick.com/dbs/5041-81-6
Rhein,BCN5947,1254,382161318,C15H8O6,CC(=O)O[C@H]1[C@H](O)CO[C@@H](O[C@H]2CC[C@]34C[C@@]35CC[C@]3(C)[C@@H]([C@@]6(C)CC[C@@H](C(C)(C)O)O6)[C@@H](O)C[C@@]3(C)[C@@H]5C[C@H](O[C@@H]3O[C@H](CO)[C@@H](O)[C@H](O)[C@H]3O)C4C2)[C@@H]1OC(C)=O,284.21,840.4507361,1.23,7,7,240.4,9,0,0,203.671,0.953,0.128,FALSE,FALSE,FALSE,478-43-3,https://www.biocrick.com/dbs/478-43-3
Ferulic acid,BCN5948,502233,382153498,C10H10O4,CC(=O)OC1C(OC2(O)C(O)C(CO)OC(OC3CC4C5(C)CC(O)C(C6(C)CCC(C(C)(C)O)O6)C5(C)CCC45CC54CCCC(C)(C)C34)C2O)OCC(O)C1O,194.19,826.4714715,1.644,8,8,234.3,8,0,0,203.059,0.977,0.099,FALSE,FALSE,FALSE,1135-24-6,https://www.biocrick.com/dbs/1135-24-6
DL-Menthol,BCN5950,321937,382156469,C10H20O,CC(C)(O)C1CCC(C)(C2C(O)CC3(C)C4CC(O)C5C(C)(C)C(OC6OCC(O)C(O)C6OC6OC(CO)C(O)C(O)C6O)CCC56CC46CCC23C)O1,156.27,784.4609068,0.724,9,9,228.2,7,0,0,193.74,1,0.162,FALSE,FALSE,FALSE,15356-70-4,https://www.biocrick.com/dbs/15356-70-4
Salvianolic acid A,BCN5951,5385074,382166810,C26H22O10,OC1COC(OCC2OC(OCC=Cc3ccccc3)C(O)C(O)C2O)C(O)C1O,494.45,428.1682471,-2.02,6,6,158.3,7,1,0,101.822,0.6,0.286,FALSE,FALSE,FALSE,96574-01-5,https://www.biocrick.com/dbs/96574-01-5
Fangchinoline,BCN5956,500122,382161001,C37H40N2O6,COc1cc(C=CC(=O)CC(=O)C=Cc2ccc(O)cc2)ccc1O,608.71,338.1154237,3.361,2,2,83.8,7,2,0,95.465,0.1,0.597,TRUE,TRUE,TRUE,436-77-1,https://www.biocrick.com/dbs/436-77-1
Puerarin,BCN5958,51346122,382160455,C21H20O9,O=C(C=Cc1ccc(O)cc1)CC(=O)C=Cc1ccc(O)cc1,416.38,308.104859,3.353,2,2,74.6,6,2,0,88.913,0.053,0.634,TRUE,TRUE,TRUE,3681-99-0,https://www.biocrick.com/dbs/3681-99-0
Astragaloside IV,BCN5960,75305806,382165429,C41H68O14,CC(C)=CCCC(C)(OC1OC(COC2OCC(O)C(O)C2O)C(O)C(O)C1O)C1CCC2(C)C1C(O)CC1C3(C)CCC(OC4OC(CO)C(O)C(O)C4O)C(C)(C)C3CCC12C,784.98,916.5395511,0.612,11,11,277.9,12,0,0,227.577,0.957,0.095,FALSE,FALSE,FALSE,84687-43-4,https://www.biocrick.com/dbs/84687-43-4
Astragaloside I,BCN5961,4483250,382165427,C45H72O16,O=C(O)C=Cc1ccc(O)c(O)c1,869.1,180.0422587,1.196,3,3,77.8,2,1,0,46.441,0,0.472,FALSE,TRUE,TRUE,84680-75-1,https://www.biocrick.com/dbs/84680-75-1
Astragaloside II,BCN5962,53395247,382165424,C43H70O15,COc1cc2c(cc1OC)C1Cc3ccc(OC)c(OC)c3CN1CC2,827.02,355.1783583,3.377,0,0,40.2,4,2,0,99.651,0.429,0.841,TRUE,TRUE,TRUE,84676-89-1,https://www.biocrick.com/dbs/84676-89-1
Astragaloside III,BCN5963,146723,382165428,C41H68O14,COCC12CN(C)C3C4C(OC)C1C3(C(OC)CC2O)C1CC2(O)C(OC)C(O)C4(OC(C)=O)C1C2OC(=O)c1ccccc1,784.97,631.2992613,0.258,3,3,153.5,8,1,0,155.851,0.758,0.337,FALSE,FALSE,FALSE,84687-42-3,https://www.biocrick.com/dbs/84687-42-3
Rosavin,BCN5968,147439,382165471,C20H28O10,COCC12CCC(OC)C34C5CC6(O)C(OC)C(O)C(OC(C)=O)(C5C6OC(=O)c5ccccc5)C(C(OC)C13)C4[NH+](C)C2.[Br-],428.43,695.23051,-3.126,3,3,134.4,8,1,0,153.585,0.758,0.24,FALSE,FALSE,TRUE,84954-92-7,https://www.biocrick.com/dbs/84954-92-7
Demethoxycurcumin,BCN5974,15574810,382158679,C20H18O5,C=C1C(=O)[C@]23C[C@H]1C[C@H](OC(C)=O)[C@H]2[C@]1(C)[C@@H](OC(C)=O)C[C@H](O)C(C)(C)[C@H]1C(=O)[C@@H]3OC(C)=O,338.35,490.2202827,1.929,1,1,133.3,3,0,0,120.465,0.731,0.358,FALSE,TRUE,TRUE,22608-11-3,https://www.biocrick.com/dbs/22608-11-3
Bisdemethoxycurcumin,BCN5975,2518,382160008,C19H16O4,CC(CCC=C(CO)CO)C1CCC2(C)C3=CCC4C(C)(C)C(=O)CCC4(C)C3=CCC12C,308.33,454.3446953,6.408,2,2,57.5,6,0,0,134.61,0.767,0.456,FALSE,FALSE,TRUE,33171-05-0,https://www.biocrick.com/dbs/33171-05-0
Stevenleaf,BCN5978,5417,382165016,C47H80O17,O=c1c(O)c(-c2ccc(O)c(O)c2)oc2cc(O)cc(O)c12,917.2,302.0426527,1.988,5,5,131.4,1,3,0,76.244,0,0.434,FALSE,TRUE,TRUE,80321-63-7,https://www.biocrick.com/dbs/80321-63-7
Caffeic acid,BCN5979,416228,382159997,C9H8O4,COC(=O)C1=COC(OC2OC(CO)C(O)C(O)C2O)C2C3(C)OC3C(O)C12O,180.15,420.1267762,-3.905,6,6,187.9,4,0,0,87.549,0.824,0.192,FALSE,FALSE,FALSE,331-39-5,https://www.biocrick.com/dbs/331-39-5
Rotundine,BCN5983,53461630,382152569,C21H25NO4,COc1cc(O)c2c(c1)OC(c1cc(O)cc(O)c1)CC2=O,355.42,302.0790382,2.519,3,3,96.2,2,2,0,76.747,0.188,0.789,FALSE,TRUE,TRUE,10097-84-4,https://www.biocrick.com/dbs/10097-84-4
Mesaconitine,BCN5987,15011073,382159359,C33H45NO11,Oc1ccccc1O,631.71,110.0367794,1.098,2,2,40.5,0,1,0,29.772,0,0.491,FALSE,TRUE,TRUE,2752-64-9,https://www.biocrick.com/dbs/2752-64-9
Hypaconitine,BCN5988,15602265,382164046,C33H45NO10,COc1cc(C(=O)O)ccc1O,615.71,168.0422587,1.099,2,2,66.8,2,1,0,41.618,0.125,0.693,FALSE,TRUE,TRUE,6900-87-4,https://www.biocrick.com/dbs/6900-87-4
Adenanthin,BCN6000,5280343,382153380,C26H34O9,CC1(C)CCC2(C)CC=C3C(C)(CCC4C3(C)CCC3C(C)(C)C(O)CCC43C)C2C1,490.6,426.3861662,8.169,1,1,20.2,0,0,0,130.72,0.933,0.387,FALSE,FALSE,TRUE,111917-59-0,https://www.biocrick.com/dbs/111917-59-0
Ganoderiol F,BCN6024,14137129,382153582,C30H46O3,O=Cc1ccc(O)c(O)c1,454.7,138.031694,0.91,2,2,57.5,1,1,0,35.159,0,0.448,FALSE,TRUE,TRUE,114567-47-4,https://www.biocrick.com/dbs/114567-47-4
Quercetin,BCN6049,11289628,382153750,C15H10O7,C=CC1C(OC2OC(CO)C(O)C(O)C2O)OC=C2C(=O)OCCC21,302.2,358.1263823,-1.592,4,4,134.9,4,0,0,80.561,0.688,0.346,FALSE,TRUE,TRUE,117-39-5,https://www.biocrick.com/dbs/117-39-5
Sesamoside,BCN6051,289,382153793,C17H24O12,CCC12CC(C(=O)OC)=C3Nc4cc5c(cc4C34CCN(CC3OC31)C42)C1C(O5)C(O)C2(CC)CC(C(=O)OC)=C3Nc4c(cc(O)c(OC)c4OC)C34CCN1C42,420.4,794.3526938,3.997,4,4,163.8,6,2,0,207.934,0.591,0.189,FALSE,FALSE,FALSE,117479-87-5,https://www.biocrick.com/dbs/117479-87-5
Blumeatin,BCN6055,8468,382153844,C16H14O6,CC(C)=CCCC(C)(O)C1CCC2(C)C1CCC1C3(C)CCC(O)C(C)(C)C3CCC12C,302.3,444.3967309,7.53,2,2,40.5,4,0,0,134.294,0.933,0.44,FALSE,FALSE,TRUE,118024-26-3,https://www.biocrick.com/dbs/118024-26-3
"1,2-Benzenediol",BCN6103,344467,382154064,C6H6O2,COc1cc(C2c3c(cc(OC)c(O)c3OC)CC(CO)C2CO)cc(OC)c1O,110.1,420.1784179,2.037,4,4,117.8,7,2,0,109.12,0.455,0.538,FALSE,TRUE,TRUE,120-80-9,https://www.biocrick.com/dbs/120-80-9
Vanillic acid,BCN6105,8768,382154169,C8H8O4,C=C(CCC(C)C1CCC2(C)C3CCC4C(C)(C)C(O)CCC45CC35CCC12C)C(C)C,168.2,440.4018163,8.415,1,1,20.2,5,0,0,135.267,0.935,0.425,FALSE,FALSE,TRUE,121-34-6,https://www.biocrick.com/dbs/121-34-6
Taraxerol,BCN6148,581257,382154717,C30H50O,COc1cccc2c1cc([N+](=O)[O-])c1c(C(=O)O)cc3c(c12)OCO3,426.7,341.0535517,3.337,1,1,108.1,3,3,0,87.743,0.118,0.442,FALSE,TRUE,TRUE,127-22-0,https://www.biocrick.com/dbs/127-22-0
"3,4-Dihydroxybenzaldehyde",BCN6214,9853848,382155502,C7H6O3,O=C(O)c1cc2c(c3c1c([N+](=O)[O-])cc1ccccc13)OCO2,138.1,311.042987,3.328,1,1,98.9,2,3,0,81.191,0.062,0.443,FALSE,TRUE,TRUE,139-85-5,https://www.biocrick.com/dbs/139-85-5
Sweroside,BCN6219,4481461,382155753,C16H22O9,CC1CCC2(OC1)OC1CC3C4CC=C5CC(O)CCC5(C)C4CCC3(C)C1C2C,358.3,414.3133952,5.714,1,1,38.7,0,0,0,117.701,0.926,0.516,FALSE,FALSE,TRUE,14215-86-2,https://www.biocrick.com/dbs/14215-86-2
Conophylline,BCN6237,317840,382155810,C44H50N4O10,CC1CCC2(OC1)OC1CC3C4CC=C5CC(OC6OC(CO)C(OC7OC(C)C(O)C(O)C7O)C(O)C6OC6OC(C)C(O)C(O)C6O)CCC5(C)C4CCC3(C)C1C2C,794.9,868.4820362,1.242,8,8,235.7,7,0,0,212.777,0.956,0.168,FALSE,FALSE,FALSE,142741-24-0,https://www.biocrick.com/dbs/142741-24-0
Dammarenediol II,BCN6240,544165,382155898,C30H52O2,O=C(C=Cc1ccc(O)c(O)c1)OC1C(CO)OC(OCCc2ccc(O)c(O)c2)C(O)C1OC1OC(CO)C(O)C(O)C1O,444.7,640.2003351,-2.043,10,10,265.5,11,2,0,148.507,0.483,0.072,FALSE,FALSE,FALSE,14351-29-2,https://www.biocrick.com/dbs/14351-29-2
(+)-Lyoniresinol,BCN6248,2236,382155983,C22H28O8,Nc1[nH]c(=O)nc2c1ncn2C1OC(CO)C(O)C1O,420.5,283.0916685,-2.687,5,5,159.5,2,2,0,65.571,0.5,0.398,FALSE,TRUE,FALSE,14464-90-5,https://www.biocrick.com/dbs/14464-90-5
24-Methylenecycloartan-3-ol,BCN6254,108168,382156011,C31H52O,O=c1cc(-c2ccc(O)c(-c3c(O)cc(O)c4c(=O)cc(-c5ccc(O)cc5)oc34)c2)oc2cc(O)cc(O)c12,440.8,538.0899968,5.134,6,6,181.8,3,6,0,144.823,0,0.177,FALSE,FALSE,FALSE,1449-09-8,https://www.biocrick.com/dbs/1449-09-8
Aristolochic acid A,BCN6262,234096,382159802,C17H11O7N,COc1cc2c(cc1O)CC1NCCc3cc(OC)c(O)c-2c31,341.27,313.1314081,2.525,3,3,71,2,2,0,86.463,0.333,0.795,TRUE,TRUE,TRUE,313-67-7,https://www.biocrick.com/dbs/313-67-7
Aristolochic acid B,BCN6263,271916,382161263,C16H9NO6,COc1cc(CC2C(=O)OCC2Cc2ccc(OC)c(OC)c2)ccc1O,311.25,372.1572885,2.992,1,1,74.2,7,2,0,99.552,0.381,0.753,TRUE,TRUE,TRUE,475-80-9,https://www.biocrick.com/dbs/475-80-9
Diosgenin,BCN6272,4484595,382161814,C27H42O3,CC=CC#CC#CC=Cc1ccco1,414.63,182.0731649,2.876,0,0,13.1,1,1,0,58.108,0.077,0.609,TRUE,TRUE,TRUE,512-04-9,https://www.biocrick.com/dbs/512-04-9
Dioscin,BCN6273,223996,382157743,C45H72O16,CC12CC(COC(=O)C3C=CC(O)C(O)C3)(OC1(COC(=O)c1ccccc1)OC13COc4occ(c41)C3)C(O)C2O,869.05,584.1893765,0.735,4,4,174.3,8,2,0,138.899,0.533,0.253,FALSE,FALSE,FALSE,19057-60-4,https://www.biocrick.com/dbs/19057-60-4
Plantamajoside,BCN6279,5281600,382152920,C29H36O16,C=C1CCCC2(C)CCC(C(C)(C)O)CC12,640.6,222.1983654,3.92,1,1,20.2,1,0,0,68.227,0.867,0.667,TRUE,TRUE,TRUE,104777-68-6,https://www.biocrick.com/dbs/104777-68-6
Crotonoside,BCN6281,14539910,382157495,C10H13N5O5,CC(O)(C(=O)O)c1ccc(O)c(O)c1,283.24,198.0528234,0.39,4,4,98,2,1,0,46.978,0.222,0.515,FALSE,TRUE,TRUE,1818-71-9,https://www.biocrick.com/dbs/1818-71-9
Amentoflavone,BCN6283,230232,382156816,C30H18O10,COc1cc(C2Oc3cc(C4Oc5cc(O)cc(O)c5C(=O)C4O)ccc3OC2CO)ccc1O,538.46,482.1212969,2.363,5,5,155.1,4,3,0,119.449,0.24,0.374,FALSE,TRUE,FALSE,1617-53-4,https://www.biocrick.com/dbs/1617-53-4
Norisoboldine,BCN6285,171429,382158844,C18H19NO4,CC1OC(OCC2OC(Oc3cc(O)c4c(c3)OC(c3ccc(O)cc3)CC4=O)C(O)C(O)C2O)C(O)C(O)C1O,313.35,580.1792057,-1.165,8,8,225.1,6,2,0,134.147,0.519,0.202,FALSE,FALSE,FALSE,23599-69-1,https://www.biocrick.com/dbs/23599-69-1
Arctigenin,BCN6291,22116985,382164830,C21H24O6,OCc1ccc(OC2OC(CO)C(O)C(O)C2O)cc1,372.41,286.1052529,-1.642,5,5,119.6,4,1,0,66.76,0.538,0.45,FALSE,TRUE,TRUE,7770-78-7,https://www.biocrick.com/dbs/7770-78-7
Atractylodin,BCN6292,521215,382162422,C13H10O,Oc1cc(O)c2c(c1)OC(c1ccc(O)c(O)c1)C(O)C2c1c(O)cc(O)c2c1OC(c1ccc(O)c(O)c1)C(O)C2,182.22,578.1424263,2.995,10,10,220.8,3,4,0,143.385,0.2,0.159,FALSE,FALSE,FALSE,55290-63-6,https://www.biocrick.com/dbs/55290-63-6
Benzoylpaeoniflorin,BCN6293,152463,382160611,C30H32O12,Oc1cc(O)c2c(c1)OC(c1ccc(O)c(O)c1)C(O)C2c1c(O)cc(O)c2c1OC(c1ccc(O)c(O)c1)C(O)C2c1c(O)cc(O)c2c1OC(c1ccc(O)c(O)c1)C(O)C2,584.57,866.2058144,4.444,15,15,331.1,5,6,0,214.147,0.2,0.106,FALSE,FALSE,FALSE,38642-49-8,https://www.biocrick.com/dbs/38642-49-8
beta-Eudesmol,BCN6294,5213,382161235,C15H26O,COc1ccc2cc3[n+](cc2c1OC)CCc1cc2c(cc1-3)OCO2.[Cl-],222.37,371.0924357,0.1,0,0,40.8,2,3,0,92.51,0.25,0.599,FALSE,TRUE,TRUE,473-15-4,https://www.biocrick.com/dbs/473-15-4
"2-(3,4-dihydroxyphenyl)-2-hydroxypropanoic acid",BCN6296,85704,382158690,C9H10O5,Cc1cc(O)c2c(c1)C(=O)c1cc(O)cc(OC3OC(CO)C(O)C(O)C3O)c1C2=O,198.17,432.1056468,-0.64,6,6,174,3,2,0,102.211,0.333,0.312,FALSE,FALSE,FALSE,22681-72-7,https://www.biocrick.com/dbs/22681-72-7
Silymarin,BCN6299,3645183,382158728,C25H22O10,C=C(CCC(C(=O)O)C1C(O)CC2(C)C3=C(CCC12C)C1(C)CCC(OC(C)=O)C(C)(C)C1CC3)C(C)C,482.46,528.3814748,7.331,2,2,83.8,7,0,0,150.326,0.818,0.267,FALSE,FALSE,TRUE,22888-70-6,https://www.biocrick.com/dbs/22888-70-6
Narirutin,BCN6300,130556,382155797,C27H32O14,COc1ccc(-c2cc(=O)c3c(OC)c(OC)c(OC)cc3o2)cc1OC,580.53,372.120903,3.503,0,0,76.4,6,3,0,100.68,0.25,0.655,TRUE,TRUE,TRUE,14259-46-2,https://www.biocrick.com/dbs/14259-46-2
Gastrodin,BCN6306,130556,382163296,C13H18O7,O=C(O)C1CCCN1,286.28,115.0633285,-0.177,2,2,49.3,1,0,0,28.66,0.8,0.498,FALSE,TRUE,TRUE,62499-27-8,https://www.biocrick.com/dbs/62499-27-8
Procyanidin B1,BCN6314,130556,382158135,C30H26O12,O=C(O)c1cc(O)c(O)c(O)c1,578.52,170.0215233,0.502,4,4,98,1,1,0,38.396,0,0.46,FALSE,TRUE,TRUE,20315-25-7,https://www.biocrick.com/dbs/20315-25-7
Procyanidin B2,BCN6315,13751990,382159547,C30H26O12,CC1OC(OCC2OC(Oc3c(-c4ccc(O)c(O)c4)oc4cc(O)cc(O)c4c3=O)C(O)C(O)C2O)C(O)C(O)C1O,578.52,610.1533849,-1.687,10,10,269.4,6,3,0,140.196,0.444,0.14,FALSE,FALSE,FALSE,29106-49-8,https://www.biocrick.com/dbs/29106-49-8
Procyanidin B3,BCN6316,12456,382158842,C30H26O12,CC(=O)OC1CCC2(C)C(CCC3(C)C2CC=C2C4CC(C)(C)CCC4(C)CCC23C)C1(C)C,578.52,468.3967309,8.74,0,0,26.3,1,0,0,140.267,0.906,0.284,FALSE,FALSE,TRUE,23567-23-9,https://www.biocrick.com/dbs/23567-23-9
Procyanidin C1,BCN6317,318730,382160475,C45H38O18,C=C(C)C1CCC2(C)CCC(=O)C(C)=C2C1,866.77,218.1670653,4.048,0,0,17.1,1,0,0,67.203,0.667,0.607,FALSE,TRUE,TRUE,37064-30-5,https://www.biocrick.com/dbs/37064-30-5
Berberine hydrochloride,BCN6319,316448,382163399,C20H18NO4Cl,CC(C)=CCCC(C)(OC1OC(CO)C(O)C(O)C1O)C1CCC2(C)C1C(O)CC1C3(C)CCC(O)C(C)(C)C3C(O)CC12C,371.81,638.4393836,3.296,7,7,160.1,7,0,0,169.707,0.944,0.208,FALSE,FALSE,FALSE,633-65-8,https://www.biocrick.com/dbs/633-65-8
Emodin-8-beta-D-glucoside,BCN6329,145659,382158800,C21H20O10,CC(C)=CCCC(C)(OC1OC(CO)C(O)C(O)C1O)C1CCC2(C)C1C(O)CC1C3(C)CCC(OC4OC(CO)C(O)C(O)C4O)C(C)(C)C3CCC12C,432.41,784.4972924,2.149,9,9,219,10,0,0,200.95,0.952,0.115,FALSE,FALSE,FALSE,23313-21-5,https://www.biocrick.com/dbs/23313-21-5
Pachymic acid,BCN6347,614,382159540,C33H52O5,CC(C)=CCCC(C)(OC1OC(CO)C(O)C(O)C1O)C1CCC2(C)C1C(O)CC1C3(C)CCC(O)C(C)(C)C3CCC12C,528.76,622.4444689,4.325,6,6,139.8,7,0,0,168.317,0.944,0.231,FALSE,FALSE,TRUE,29070-92-6,https://www.biocrick.com/dbs/29070-92-6
Sinensetin,BCN6356,370,382158748,C20H20O7,CC1=CCCC2=CC(OC2=O)c2c(C)coc2C1,372.37,244.1099444,3.395,0,0,39.4,0,1,0,67.056,0.4,0.518,TRUE,TRUE,TRUE,2306-27-6,https://www.biocrick.com/dbs/2306-27-6
Proline,BCN1656,5293655,382363746,C5H9NO2,C=CC1(C)Cc2occ(C)c2C2OC(=O)C(=C)C21,115.1,244.1099444,3.107,0,0,39.4,1,1,0,66.916,0.4,0.433,TRUE,TRUE,TRUE,147-85-3,https://www.biocrick.com/dbs/147-85-3
Gallic acid,BCN1668,345510,382156233,C7H6O5,CC(C)=CCCC(C)(O)C1CCC2(C)C1C(O)CC1C3(C)CCC(O)C(C)(C)C3CCC12C,170.1,460.3916455,6.501,3,3,60.7,4,0,0,135.683,0.933,0.42,FALSE,FALSE,TRUE,149-91-7,https://www.biocrick.com/dbs/149-91-7
Rutin,BCN1684,273568,382156438,C27H30O16,CC1(C)CCC2(C(=O)OC3OC(COC4OC(CO)C(O)C(O)C4O)C(O)C(O)C3O)CCC3(C)C(=CCC4C5(C)CCC(OC6OCC(O)C(O)C6O)C(C)(CO)C5CCC43C)C2C1,610.5,928.5031656,-0.248,11,11,295,9,0,0,225.577,0.936,0.081,FALSE,FALSE,FALSE,153-18-4,https://www.biocrick.com/dbs/153-18-4
beta-Amyrin acetate,BCN1715,12303220,382156796,C32H52O2,N#CC=C1C=CC(O)C(O)C1OC1OC(CO)C(O)C(O)C1O,468.8,329.1110666,-3.087,6,6,163.6,3,0,0,73.49,0.643,0.294,FALSE,FALSE,FALSE,1616-93-9,https://www.biocrick.com/dbs/1616-93-9
alpha-Cyperone,BCN1193,12855923,382161234,C15H22O,C=C(C)[C@@H]1CC[C@]2(C(=O)O[C@@H]3O[C@H](CO[C@@H]4O[C@H](CO)[C@@H](O[C@@H]5O[C@@H](C)[C@H](O)[C@@H](O)[C@H]5O)[C@H](O)[C@H]4O)[C@@H](O)[C@H](O)[C@H]3O)CC[C@]3(C)[C@H](CC[C@@H]4[C@@]5(C)CC[C@H](O[C@@H]6OC[C@H](O)[C@H](O)[C@H]6O[C@@H]6O[C@@H](C)[C@H](O)[C@@H](O)[C@H]6O)[C@@](C)(CO)[C@@H]5CC[C@]43C)[C@H]12,218.33,1220.618983,-2.689,15,15,412.8,14,0,0,287.95,0.949,0.048,FALSE,FALSE,FALSE,473-08-5,https://www.biocrick.com/dbs/473-08-5
Cyanidin-3-O-glucoside chloride,BCN1230,12831933,382164222,C21H21O11,c1cc2c(cc1OC1OCC3C(c4ccc5c(c4)OCO5)OCC13)OCO2,449.38,370.1052529,2.883,0,0,64.6,3,2,0,91.171,0.4,0.823,TRUE,TRUE,TRUE,7084-24-4,https://www.biocrick.com/dbs/7084-24-4
Ginsenoside F1,BCN1244,15574829,382162242,C36H62O9,O=C1CCCC2C3CCC[N+]4([O-])CCCC(CN12)C34,638.88,264.183778,1.884,0,0,43.4,0,0,0,71.949,0.933,0.495,FALSE,TRUE,TRUE,53963-43-2,https://www.biocrick.com/dbs/53963-43-2
Ginsenoside F2,BCN1245,618457,382163248,C42H72O13,COc1cc(OC)c2ccc(=O)oc2c1CC=C(C)C,785.01,274.1205091,3.319,0,0,48.7,4,2,0,78.723,0.312,0.634,TRUE,TRUE,TRUE,62025-49-4,https://www.biocrick.com/dbs/62025-49-4
Ginsenoside Compound K,BCN1246,564869,382160684,C36H62O8,C/C(=C\CC[C@@H](C)[C@H]1CC[C@@]2(C)C3=C(CC[C@]12C)[C@@]1(C)CCC(=O)C(C)(C)[C@@H]1CC3=O)C(=O)O,622.88,468.3239599,6.931,1,1,71.4,5,0,0,134.232,0.767,0.444,FALSE,FALSE,TRUE,39262-14-1,https://www.biocrick.com/dbs/39262-14-1
Linderalactone,BCN1251,3800204,382164381,C15H16O3,Cc1coc2c1C(=O)C(=O)c1c-2ccc2c1CCCC2(C)CO,244.29,310.1205091,3.22,1,1,67.5,1,2,0,84.918,0.368,0.821,TRUE,TRUE,TRUE,728-61-0,https://www.biocrick.com/dbs/728-61-0
Isolinderalactone,BCN1252,14284432,382166738,C15H16O3,CC(C)c1ccc2c(c1)CCC1C(C)(C(=O)O)CCCC21C,244.29,300.2089301,4.905,1,1,37.3,2,1,0,89.288,0.65,0.843,FALSE,TRUE,TRUE,957-66-4,https://www.biocrick.com/dbs/957-66-4
(20S)-Protopanaxdiol,BCN1254,431252,382159731,C30H52O3,CC1OC(OCC2OC(Oc3c(-c4ccc(O)cc4)oc4cc(O)cc(O)c4c3=O)C(O)C(O)C2O)C(O)C(O)C1O,460.7,594.1584703,-1.393,9,9,249.2,6,3,0,138.531,0.444,0.159,FALSE,FALSE,FALSE,30636-90-9,https://www.biocrick.com/dbs/30636-90-9
Asperosaponin VI,BCN1256,71307558,382160696,C47H76O18,COc1cc(C2c3cc4c(cc3CC3COC(=O)C32)OCO4)cc(OC)c1OC,929.1,398.136553,2.918,0,0,72.5,4,2,0,102.149,0.409,0.733,TRUE,TRUE,TRUE,39524-08-8,https://www.biocrick.com/dbs/39524-08-8
Lithospermoside,BCN1270,585998,382163415,C14H19NO8,CCC(CCC(C)C1CCC2C3CC=C4CC(O)CCC4(C)C3CCC12C)C(C)C,329.3,414.3861662,8.025,1,1,20.2,6,0,0,128.217,0.931,0.436,FALSE,FALSE,TRUE,63492-69-3,https://www.biocrick.com/dbs/63492-69-3
Anemoside B4,BCN1276,285670,382154851,C59H96O26,COc1c(O)cc2occ(-c3ccc(O)cc3)c(=O)c2c1O,1221.38,300.0633881,2.585,3,3,100.1,2,3,0,79.466,0.062,0.672,FALSE,TRUE,TRUE,129741-57-7,https://www.biocrick.com/dbs/129741-57-7
Sesamolin,BCN1289,176911,382162035,C20H18O7,CCCCCC(O)CC(=O)CCc1ccc(O)c(OC)c1,370.36,294.1831093,3.234,2,2,66.8,10,1,0,82.753,0.588,0.65,TRUE,TRUE,TRUE,526-07-8,https://www.biocrick.com/dbs/526-07-8
Oxymatrine,BCN1103,11784642,382157078,C15H24N2O2,C[C@H](CC[C@@H](O[C@@H]1O[C@H](CO[C@@H]2O[C@H](CO)[C@@H](O)[C@H](O)[C@H]2O)[C@@H](O)[C@H](O)[C@H]1O[C@@H]1O[C@H](CO)[C@@H](O)[C@H](O)[C@H]1O)C(C)(C)O)[C@H]1CC[C@@]2(C)[C@@H]3CC=C4[C@@H](CC[C@H](O[C@@H]5O[C@H](CO[C@@H]6O[C@H](CO)[C@@H](O)[C@H](O)[C@H]6O)[C@@H](O)[C@H](O)[C@H]5O)C4(C)C)[C@]3(C)[C@H](O)C[C@]12C,264.4,1286.650677,-5.408,19,19,476.7,20,0,0,300.24,0.967,0.051,FALSE,FALSE,FALSE,16837-52-8,https://www.biocrick.com/dbs/16837-52-8
Coumurrayin,BCN1109,318797,382157198,C16H18O4,C=C1CCCC2(C)CC3(O)OC(=O)C(C)=C3CC12,274.3,248.1412445,2.705,1,1,46.5,0,0,0,67.564,0.667,0.529,TRUE,TRUE,TRUE,17245-25-9,https://www.biocrick.com/dbs/17245-25-9
Ganoderic acid DM,BCN1113,15618,382157230,C30H44O4,O=C1C(=C(O)C=Cc2ccc(O)cc2)C(O)=C(C2OC(CO)C(O)C(O)C2O)C(=O)C1(O)C1OC(CO)C(O)C(O)C1O,468.7,612.1690349,-4.403,12,12,295.4,6,1,0,138.949,0.481,0.082,FALSE,FALSE,FALSE,173075-45-1,https://www.biocrick.com/dbs/173075-45-1
Tanshinone IIB,BCN1118,12313332,382157267,C19H18O4,COc1ccc(-c2coc3cc(O)ccc3c2=O)cc1,310.4,268.0735589,3.174,1,1,59.7,2,3,0,76.137,0.062,0.775,TRUE,TRUE,TRUE,17397-93-2,https://www.biocrick.com/dbs/17397-93-2
Dehydroabietic acid,BCN1119,2203,382157271,C20H28O2,CC(C)=CCCC(C)(OC1OC(COC2OC(CO)C(O)C(O)C2O)C(O)C(O)C1O)C1CCC2(C)C1C(O)CC1C3(C)CCC(OC4OC(CO)C(O)C(O)C4OC4OC(CO)C(O)C(O)C4O)C(C)(C)C3CCC12C,300.4,1108.602939,-2.203,15,15,377.3,16,0,0,266.217,0.963,0.058,FALSE,FALSE,FALSE,1740-19-8,https://www.biocrick.com/dbs/1740-19-8
Nicotiflorin,BCN1126,86821,382157333,C27H30O15,CC(C)=CCCC(C)(OC1OC(COC2OCC(O)C(O)C2O)C(O)C(O)C1O)C1CCC2(C)C1C(O)CC1C3(C)CCC(OC4OC(CO)C(O)C(O)C4OC4OC(CO)C(O)C(O)C4O)C(C)(C)C3CCC12C,594.5,1078.592374,-1.563,14,14,357.1,15,0,0,260.21,0.962,0.065,FALSE,FALSE,FALSE,17650-84-9,https://www.biocrick.com/dbs/17650-84-9
Deoxypodophyllotoxin,BCN1182,5281811,382157781,C22H22O7,CC(C)=CCCC(C)(OC1OC(CO)C(O)C(O)C1O)C1CCC2(C)C1C(O)CC1C3(C)CCC(O)C(C)(C)C3C(OC3OC(CO)C(O)C(O)C3O)CC12C,398.4,800.492207,1.12,10,10,239.2,10,0,0,202.34,0.952,0.11,FALSE,FALSE,FALSE,19186-35-7,https://www.biocrick.com/dbs/19186-35-7
Beta-Sitosterol,BCN1015,3473,382165257,C29H50O,CC(C)=CCCC(C)(O)C1CCC2(C)C1C(O)CC1C3(C)CCC(O)C(C)(C)C3C(OC3OC(CO)C(O)C(O)C3OC3OC(C)C(O)C(O)C3O)CC12C,414.69,784.4972924,2.147,9,9,219,9,0,0,200.928,0.952,0.121,FALSE,FALSE,FALSE,83-46-5,https://www.biocrick.com/dbs/83-46-5
Tectorigenin,BCN1019,24721270,382162343,C16H12O6,CC(C)=CCCC(C)(O)C1CCC2(C)C1C(O)CC1C3(C)CCC(OC4OC(CO)C(O)C(O)C4OC4OC(CO)C(O)C(O)C4O)C(C)(C)C3CCC12C,300.26,784.4972924,2.149,9,9,219,10,0,0,200.95,0.952,0.115,FALSE,FALSE,FALSE,548-77-6,https://www.biocrick.com/dbs/548-77-6
6-Gingerol,BCN1030,196319,382158832,C17H26O4,CC(C)=CCCC(C)(O)C1CCC2(C)C1C(O)CC1C3(C)CCC(OC4OC(CO)C(O)C(O)C4O)C(C)(C)C3CCC12C,294.4,622.4444689,4.325,6,6,139.8,7,0,0,168.317,0.944,0.182,FALSE,FALSE,TRUE,23513-14-6,https://www.biocrick.com/dbs/23513-14-6
Mogroside V,BCN1036,75296842,382166024,C60H102O29,CC(C)=CCC=C(C)C1CCC2(C)C1C(O)CC1C3(C)CCC(OC4OC(CO)C(O)C(O)C4O)C(C)(C)C3CCC12C,1287.44,604.4339043,5.13,5,5,119.6,6,0,0,166.833,0.889,0.211,FALSE,FALSE,TRUE,88901-36-4,https://www.biocrick.com/dbs/88901-36-4
Atractylenolide III,BCN1045,5280378,382164420,C15H20O3,CC(C)=CCCC(C)(OC1OC(COC2OC(CO)C(O)C2O)C(O)C(O)C1O)C1CCC2(C)C1C(O)CC1C3(C)CCC(OC4OC(CO)C(O)C(O)C4OC4OC(CO)C(O)C(O)C4O)C(C)(C)C3CCC12C,248.32,1078.592374,-1.563,14,14,357.1,16,0,0,260.21,0.962,0.061,FALSE,FALSE,FALSE,73030-71-4,https://www.biocrick.com/dbs/73030-71-4
Hydroxysafflor yellow A,BCN1049,432524,382164867,C27H32O16,CC(C)=CCCC(C)(OC1OC(CO)C(O)C(O)C1O)C1CCC2(C)C1C(O)CC1C3(C)CCC(O)C(C)(C)C3C(OC3OC(CO)C(O)C(O)C3OC3OC(C)C(O)C(O)C3O)CC12C,612.53,946.5501158,-0.028,12,12,298.1,12,0,0,233.562,0.958,0.09,FALSE,FALSE,FALSE,78281-02-4,https://www.biocrick.com/dbs/78281-02-4
Formononetin,BCN1061,432450,382161448,C16H12O4,CC(C)=CC(C)CC(C)(OC1OC(CO)C(O)C(O)C1O)C1CCC2(C)C3CCC4C(C)(C)C(OC5OC(CO)C(O)C(O)C5OC5OC(CO)C(O)C(O)C5O)CCC4(C)C3CC(O)C12,268.27,946.5501158,-0.171,12,12,298.1,13,0,0,233.514,0.958,0.084,FALSE,FALSE,FALSE,485-72-3,https://www.biocrick.com/dbs/485-72-3
Ginsenoside Rb1,BCN1063,432116,382160892,C54H92O23,CC(C)=CCCC(C)(O)C1CCC2(C)C1C(O)CC1C3(C)CCC(O)C(C)(C)C3C(OC3OC(CO)C(O)C(O)C3OC3OC(CO)C(O)C(O)C3O)CC12C,1109.29,800.492207,1.12,10,10,239.2,10,0,0,202.34,0.952,0.11,FALSE,FALSE,FALSE,41753-43-9,https://www.biocrick.com/dbs/41753-43-9
Ginsenoside Rb2,BCN1064,12912318,382153276,C53H90O22,CC1(C)CCCC(C)(C2CCC3(C)C2C(O)CC2C4(C)CCC(O)C(C)(C)C4CCC23C)O1,1079.27,460.3916455,6.741,2,2,49.7,1,0,0,133.815,1,0.455,FALSE,FALSE,TRUE,11021-13-9,https://www.biocrick.com/dbs/11021-13-9
Ginsenoside Rg1,BCN1066,12901617,382158654,C42H72O14,CC1OC(OC2CCC3(C)C(CCC4(C)C3C=CC35OCC6(CCC(C)(C)CC63)C(O)CC45C)C2(C)CO)C(O)C(OC2OC(CO)C(O)C(O)C2O)C1O,801.01,780.4659922,1.777,8,8,208,6,0,0,196.825,0.952,0.143,FALSE,FALSE,FALSE,22427-39-0,https://www.biocrick.com/dbs/22427-39-0
Ginsenoside Rg2,BCN1067,14081290,382161986,C42H72O13,CC1OC(OC2C(O)C(O)C(CO)OC2(OC2OC(CO)C(O)C(O)C2O)C2CCC3(C)C(CCC4(C)C3C=CC35OCC6(CCC(C)(C)CC63)C(O)CC45C)C2(C)C)C(O)C(O)C1O,785.02,926.523901,0.222,11,11,277.9,7,0,0,227.826,0.958,0.153,FALSE,FALSE,FALSE,52286-74-5,https://www.biocrick.com/dbs/52286-74-5
Ginsenoside Rg3,BCN1068,73717426,382155733,C42H72O13,COc1ccc(CC2COC(=O)C2Cc2ccc(OC3OC(CO)C(O)C(O)C3O)c(OC)c2)cc1OC,785.02,534.2101119,0.466,4,4,153.4,10,2,0,132.282,0.519,0.315,FALSE,FALSE,FALSE,14197-60-5,https://www.biocrick.com/dbs/14197-60-5
20(S)-Ginsenoside Rh2,BCN1070,100018,382164865,C36H62O8,C[C@@H]1O[C@@H](O[C@H]2[C@H](OC(=O)[C@]34CCC(C)(C)C[C@H]3C3=CC[C@@H]5[C@@]6(C)C[C@H](O)[C@H](O[C@@H]7O[C@H](CO)[C@@H](O)[C@H](O)[C@H]7O)[C@@](C)(CO)[C@@H]6CC[C@@]5(C)[C@]3(C)CC4)O[C@H](CO)[C@@H](O)[C@@H]2O)[C@H](O)[C@H](O)[C@H]1O[C@@H]1OC[C@@H](O)[C@H](O)[C@H]1O,622.87,1090.555989,-2.425,14,14,374.1,11,0,0,258.188,0.943,0.058,FALSE,FALSE,FALSE,78214-33-2,https://www.biocrick.com/dbs/78214-33-2
Ginsenoside Rh3,BCN1071,432449,382152979,C36H60O7,Oc1cc(O)c2cc(O)c(-c3cc(O)c(O)c(O)c3)[o+]c2c1.[Cl-],604.86,338.0193304,-0.381,6,6,132.7,1,3,0,76.046,0,0.263,FALSE,FALSE,TRUE,105558-26-7,https://www.biocrick.com/dbs/105558-26-7
Ginsenoside Rc,BCN1072,75236001,382153277,C53H90O22,COc1ccc(C23Oc4cc(OC)cc(OC)c4C2(O)C(O)C(C(=O)N(C)C)C3c2ccccc2)cc1,1079.27,505.2100523,3.051,2,2,97.7,6,3,0,136.117,0.345,0.532,FALSE,FALSE,TRUE,11021-14-0,https://www.biocrick.com/dbs/11021-14-0
Ginsenoside Re,BCN1073,4483443,382161985,C48H82O18,COc1ccc2cc3[n+](cc2c1OC)CCc1cc2c(cc1-3)OCO2,947.15,336.1235831,3.096,0,0,40.8,2,3,0,92.51,0.25,0.674,TRUE,TRUE,TRUE,52286-59-6,https://www.biocrick.com/dbs/52286-59-6
Ginsenoside Rd,BCN1074,328778,382162056,C48H82O18,COC(=O)C1=COC(OC2OC(CO)C(O)C(O)C2O)C2C(CO)=CCC12,947.2,388.136947,-2.229,5,5,155.1,5,0,0,86.59,0.706,0.258,FALSE,TRUE,FALSE,52705-93-8,https://www.biocrick.com/dbs/52705-93-8
Ginsenoside Rf,BCN1075,4483645,382161984,C42H72O14,COc1cc(C=CC(=O)CC(=O)C=Cc2ccc(O)c(OC)c2)ccc1O,801.01,368.1259884,3.37,2,2,93.1,8,2,0,102.017,0.143,0.548,FALSE,TRUE,TRUE,52286-58-5,https://www.biocrick.com/dbs/52286-58-5
Panaxadiol,BCN1080,19857461,382157905,C30H52O3,COc1ccc(-c2cc(=O)c3c(O)cc(OC4OC(COC5OC(C)C(O)C(O)C5O)C(O)C(O)C4O)cc3o2)cc1,460.73,592.1792057,-0.795,7,7,218,7,3,0,141.754,0.464,0.179,FALSE,FALSE,FALSE,19666-76-3,https://www.biocrick.com/dbs/19666-76-3
Saikosaponin A,BCN1086,4483645,382158239,C42H68O13,O=c1c(OC2OC(CO)C(O)C(O)C2O)c(-c2ccc(O)c(O)c2)oc2cc(O)cc(O)c12,780.99,464.0954761,-0.539,8,8,210.5,4,3,0,108.974,0.286,0.229,FALSE,FALSE,FALSE,20736-09-8,https://www.biocrick.com/dbs/20736-09-8
Saikosaponin C,BCN1087,3660596,382158238,C48H72O17,O=c1c(O)c(-c2ccc(O)cc2)oc2cc(O)cc(O)c12,921.1,286.047738,2.282,4,4,111.1,1,3,0,74.579,0,0.546,FALSE,TRUE,TRUE,20736-08-7,https://www.biocrick.com/dbs/20736-08-7
Saikosaponin D,BCN1088,11629473,382158277,C42H68O13,CC1CCC2(C(=O)O)CCC3(C)C(=CCC4C5(C)CC(O)C(O)C(C)(C)C5CCC43C)C2C1(C)O,780.99,488.3501746,5.175,4,4,98,1,0,0,135.461,0.9,0.382,FALSE,FALSE,TRUE,20874-52-6,https://www.biocrick.com/dbs/20874-52-6
Arctiin,BCN1090,68245,382158150,C27H34O11,Oc1cc(O)cc(C=Cc2ccc(O)c(O)c2)c1,534.55,244.0735589,2.679,4,4,80.9,2,2,0,68.471,0,0.483,TRUE,TRUE,TRUE,20362-31-6,https://www.biocrick.com/dbs/20362-31-6
Polygalasaponin F,BCN2317,494234,382165958,C53H86O23,C=CC(C)(C=Cc1ccc(O)cc1)CCC=C(C)C,1091.3,256.1827154,5.344,1,1,20.2,6,1,0,84.11,0.333,0.681,FALSE,FALSE,TRUE,882664-74-6,https://www.biocrick.com/dbs/882664-74-6
Delphinidin chloride,BCN3015,2353,382162064,C15H11ClO7,O=C1CC(c2ccc(O)cc2)Oc2cc(O)ccc21,338.7,256.0735589,2.804,2,2,66.8,1,2,0,68.53,0.133,0.823,TRUE,TRUE,TRUE,528-53-0,https://www.biocrick.com/dbs/528-53-0
Rocaglamide,BCN4387,12901617,382165408,C29H31NO7,O=C(C=Cc1ccc(O)c2c1C(C(=O)OC(Cc1ccc(O)c(O)c1)C(=O)O)C(c1ccc(O)c(O)c1)O2)OC(Cc1ccc(O)c(O)c1)C(=O)O,505.6,718.1533849,3.335,9,9,278,12,4,0,175.005,0.167,0.058,FALSE,FALSE,FALSE,84573-16-0,https://www.biocrick.com/dbs/84573-16-0
Berberine,BCN4911,3515873,382158274,C20H18NO4,CC(C)(O)C1CCC(C)(C2C(O)CC3(C)C4CC(O)C5C(C)(C)C(O)CCC56CC46CCC23C)O1,336.4,490.3658247,4.437,4,4,90.2,2,0,0,134.48,1,0.46,FALSE,TRUE,TRUE,2086-83-1,https://www.biocrick.com/dbs/2086-83-1
20(R)-Ginsenoside Rg3,BCN5018,2889,382160578,C42H72O13,CCCC=C1OC(=O)C2=C1CCC=C2,785.02,190.0993797,2.874,0,0,26.3,2,0,0,54.483,0.417,0.626,TRUE,TRUE,TRUE,38243-03-7,https://www.biocrick.com/dbs/38243-03-7
Geniposide,BCN5104,5480901,382158976,C17H24O10,OC[C@H]1O[C@@H](Oc2c(O)cc(O)cc2/C=C/c2ccc(O)cc2)[C@H](O)[C@@H](O)[C@@H]1O,388.4,406.1263823,0.153,7,7,160.1,5,2,0,101.202,0.3,0.343,FALSE,FALSE,FALSE,24512-63-8,https://www.biocrick.com/dbs/24512-63-8
Curcumin,BCN5504,5378597,382161123,C21H20O6,,368.4,,,,,,,,,,,,,,,458-37-7,https://www.biocrick.com/dbs/458-37-7
Linarin,BCN5554,5280863,382161358,C28H32O14,,592.6,,,,,,,,,,,,,,,480-36-4,https://www.biocrick.com/dbs/480-36-4
Hyperoside,BCN5570,13653335,382161402,C21H20O12,,464.4,,,,,,,,,,,,,,,482-36-0,https://www.biocrick.com/dbs/482-36-0
Kaempferol,BCN5653,4813,382161930,C15H10O6,,286.2,,,,,,,,,,,,,,,520-18-3,https://www.biocrick.com/dbs/520-18-3
Euscaphic acid,BCN5702,500216,382162121,C30H48O5,,488.7,,,,,,,,,,,,,,,53155-25-2,https://www.biocrick.com/dbs/53155-25-2
Piceatannol,BCN5824,1889,382152560,C14H12O4,,244.2,,,,,,,,,,,,,,,10083-24-6,https://www.biocrick.com/dbs/10083-24-6
Bakuchiol,BCN5845,119177,382152757,C18H24O,,256.4,,,,,,,,,,,,,,,10309-37-2,https://www.biocrick.com/dbs/10309-37-2
Liquiritigenin,BCN5946,3664530,382162715,C15H12O4,,256.25,,,,,,,,,,,,,,,578-86-9,https://www.biocrick.com/dbs/578-86-9
Salvianolic acid B,BCN6106,529865,382153676,C36H30O16,,718.62,,,,,,,,,,,,,,,115939-25-8,https://www.biocrick.com/dbs/115939-25-8
Cyclogalegigenin,BCN6295,5321884,382165417,C30H50O5,,490.71,,,,,,,,,,,,,,,84605-18-5,https://www.biocrick.com/dbs/84605-18-5
Ligustilide,BCN1031,,382161050,C12H14O2,,190.24,,,,,,,,,,,,,,,4431-01-0,https://www.biocrick.com/dbs/4431-01-0
"2,3,5,4'-Tetrahydroxyl diphenylethylene-2-O-glucoside",BCN1340,,382165187,C20H22O9,,406.39,,,,,,,,,,,,,,,82373-94-2,https://www.biocrick.com/dbs/82373-94-2
,,,,,,,,,,,,,,,,,,,,,,
,,,,,,,,,,,,,,,,,,,,,,
,,,,,,,,,,,,,,,,,,,,,,
,,,,,,,,,,,,,,,,,,,,,,
,,,,,,,,,,,,,,,,,,,,,,
,,,,,,,,,,,,,,,,,,,,,,
,,,,,,,,,,,,,,,,,,,,,,
,,,,,,,,,,,,,,,,,,,,,,
,,,,,,,,,,,,,,,,,,,,,,
,,,,,,,,,,,,,,,,,,,,,,
,,,,,,,,,,,,,,,,,,,,,,
,,,,,,,,,,,,,,,,,,,,,,
,,,,,,,,,,,,,,,,,,,,,,
,,,,,,,,,,,,,,,,,,,,,,
,,,,,,,,,,,,,,,,,,,,,,
,,,,,,,,,,,,,,,,,,,,,,
,,,,,,,,,,,,,,,,,,,,,,
,,,,,,,,,,,,,,,,,,,,,,
,,,,,,,,,,,,,,,,,,,,,,
,,,,,,,,,,,,,,,,,,,,,,
,,,,,,,,,,,,,,,,,,,,,,
,,,,,,,,,,,,,,,,,,,,,,
,,,,,,,,,,,,,,,,,,,,,,
,,,,,,,,,,,,,,,,,,,,,,
,,,,,,,,,,,,,,,,,,,,,,
,,,,,,,,,,,,,,,,,,,,,,
,,,,,,,,,,,,,,,,,,,,,,
,,,,,,,,,,,,,,,,,,,,,,
,,,,,,,,,,,,,,,,,,,,,,
,,,,,,,,,,,,,,,,,,,,,,
,,,,,,,,,,,,,,,,,,,,,,
,,,,,,,,,,,,,,,,,,,,,,
,,,,,,,,,,,,,,,,,,,,,,
,,,,,,,,,,,,,,,,,,,,,,
,,,,,,,,,,,,,,,,,,,,,,
,,,,,,,,,,,,,,,,,,,,,,
,,,,,,,,,,,,,,,,,,,,,,
,,,,,,,,,,,,,,,,,,,,,,
,,,,,,,,,,,,,,,,,,,,,,
,,,,,,,,,,,,,,,,,,,,,,
,,,,,,,,,,,,,,,,,,,,,,
,,,,,,,,,,,,,,,,,,,,,,
,,,,,,,,,,,,,,,,,,,,,,
,,,,,,,,,,,,,,,,,,,,,,
,,,,,,,,,,,,,,,,,,,,,,
,,,,,,,,,,,,,,,,,,,,,,
,,,,,,,,,,,,,,,,,,,,,,
,,,,,,,,,,,,,,,,,,,,,,
,,,,,,,,,,,,,,,,,,,,,,
,,,,,,,,,,,,,,,,,,,,,,
,,,,,,,,,,,,,,,,,,,,,,
,,,,,,,,,,,,,,,,,,,,,,
,,,,,,,,,,,,,,,,,,,,,,
,,,,,,,,,,,,,,,,,,,,,,
,,,,,,,,,,,,,,,,,,,,,,
,,,,,,,,,,,,,,,,,,,,,,
,,,,,,,,,,,,,,,,,,,,,,
,,,,,,,,,,,,,,,,,,,,,,
,,,,,,,,,,,,,,,,,,,,,,
,,,,,,,,,,,,,,,,,,,,,,
,,,,,,,,,,,,,,,,,,,,,,
,,,,,,,,,,,,,,,,,,,,,,
,,,,,,,,,,,,,,,,,,,,,,
,,,,,,,,,,,,,,,,,,,,,,
,,,,,,,,,,,,,,,,,,,,,,
,,,,,,,,,,,,,,,,,,,,,,
,,,,,,,,,,,,,,,,,,,,,,
,,,,,,,,,,,,,,,,,,,,,,
,,,,,,,,,,,,,,,,,,,,,,
,,,,,,,,,,,,,,,,,,,,,,
,,,,,,,,,,,,,,,,,,,,,,
,,,,,,,,,,,,,,,,,,,,,,
,,,,,,,,,,,,,,,,,,,,,,
,,,,,,,,,,,,,,,,,,,,,,
,,,,,,,,,,,,,,,,,,,,,,
,,,,,,,,,,,,,,,,,,,,,,
,,,,,,,,,,,,,,,,,,,,,,
,,,,,,,,,,,,,,,,,,,,,,
,,,,,,,,,,,,,,,,,,,,,,
,,,,,,,,,,,,,,,,,,,,,,
,,,,,,,,,,,,,,,,,,,,,,
,,,,,,,,,,,,,,,,,,,,,,
,,,,,,,,,,,,,,,,,,,,,,
,,,,,,,,,,,,,,,,,,,,,,
,,,,,,,,,,,,,,,,,,,,,,
,,,,,,,,,,,,,,,,,,,,,,
,,,,,,,,,,,,,,,,,,,,,,
,,,,,,,,,,,,,,,,,,,,,,
,,,,,,,,,,,,,,,,,,,,,,
,,,,,,,,,,,,,,,,,,,,,,
,,,,,,,,,,,,,,,,,,,,,,
,,,,,,,,,,,,,,,,,,,,,,
,,,,,,,,,,,,,,,,,,,,,,
,,,,,,,,,,,,,,,,,,,,,,
,,,,,,,,,,,,,,,,,,,,,,
,,,,,,,,,,,,,,,,,,,,,,
,,,,,,,,,,,,,,,,,,,,,,
,,,,,,,,,,,,,,,,,,,,,,
,,,,,,,,,,,,,,,,,,,,,,
,,,,,,,,,,,,,,,,,,,,,,
,,,,,,,,,,,,,,,,,,,,,,
,,,,,,,,,,,,,,,,,,,,,,
,,,,,,,,,,,,,,,,,,,,,,
,,,,,,,,,,,,,,,,,,,,,,
,,,,,,,,,,,,,,,,,,,,,,
,,,,,,,,,,,,,,,,,,,,,,
,,,,,,,,,,,,,,,,,,,,,,
,,,,,,,,,,,,,,,,,,,,,,
,,,,,,,,,,,,,,,,,,,,,,
,,,,,,,,,,,,,,,,,,,,,,
,,,,,,,,,,,,,,,,,,,,,,
,,,,,,,,,,,,,,,,,,,,,,
,,,,,,,,,,,,,,,,,,,,,,
,,,,,,,,,,,,,,,,,,,,,,
,,,,,,,,,,,,,,,,,,,,,,
,,,,,,,,,,,,,,,,,,,,,,
,,,,,,,,,,,,,,,,,,,,,,
,,,,,,,,,,,,,,,,,,,,,,
,,,,,,,,,,,,,,,,,,,,,,
,,,,,,,,,,,,,,,,,,,,,,
,,,,,,,,,,,,,,,,,,,,,,
,,,,,,,,,,,,,,,,,,,,,,
,,,,,,,,,,,,,,,,,,,,,,
,,,,,,,,,,,,,,,,,,,,,,
,,,,,,,,,,,,,,,,,,,,,,
,,,,,,,,,,,,,,,,,,,,,,
,,,,,,,,,,,,,,,,,,,,,,
,,,,,,,,,,,,,,,,,,,,,,
,,,,,,,,,,,,,,,,,,,,,,
,,,,,,,,,,,,,,,,,,,,,,
,,,,,,,,,,,,,,,,,,,,,,
,,,,,,,,,,,,,,,,,,,,,,
,,,,,,,,,,,,,,,,,,,,,,
,,,,,,,,,,,,,,,,,,,,,,
,,,,,,,,,,,,,,,,,,,,,,
,,,,,,,,,,,,,,,,,,,,,,
,,,,,,,,,,,,,,,,,,,,,,
,,,,,,,,,,,,,,,,,,,,,,
,,,,,,,,,,,,,,,,,,,,,,
,,,,,,,,,,,,,,,,,,,,,,
,,,,,,,,,,,,,,,,,,,,,,
,,,,,,,,,,,,,,,,,,,,,,
,,,,,,,,,,,,,,,,,,,,,,
,,,,,,,,,,,,,,,,,,,,,,
,,,,,,,,,,,,,,,,,,,,,,
,,,,,,,,,,,,,,,,,,,,,,
,,,,,,,,,,,,,,,,,,,,,,
,,,,,,,,,,,,,,,,,,,,,,
,,,,,,,,,,,,,,,,,,,,,,
,,,,,,,,,,,,,,,,,,,,,,
,,,,,,,,,,,,,,,,,,,,,,
,,,,,,,,,,,,,,,,,,,,,,
,,,,,,,,,,,,,,,,,,,,,,
,,,,,,,,,,,,,,,,,,,,,,
,,,,,,,,,,,,,,,,,,,,,,
,,,,,,,,,,,,,,,,,,,,,,
,,,,,,,,,,,,,,,,,,,,,,
,,,,,,,,,,,,,,,,,,,,,,
,,,,,,,,,,,,,,,,,,,,,,
,,,,,,,,,,,,,,,,,,,,,,
,,,,,,,,,,,,,,,,,,,,,,
,,,,,,,,,,,,,,,,,,,,,,
,,,,,,,,,,,,,,,,,,,,,,
,,,,,,,,,,,,,,,,,,,,,,
,,,,,,,,,,,,,,,,,,,,,,
,,,,,,,,,,,,,,,,,,,,,,
,,,,,,,,,,,,,,,,,,,,,,
,,,,,,,,,,,,,,,,,,,,,,
,,,,,,,,,,,,,,,,,,,,,,
,,,,,,,,,,,,,,,,,,,,,,
,,,,,,,,,,,,,,,,,,,,,,
,,,,,,,,,,,,,,,,,,,,,,
,,,,,,,,,,,,,,,,,,,,,,
,,,,,,,,,,,,,,,,,,,,,,
,,,,,,,,,,,,,,,,,,,,,,
,,,,,,,,,,,,,,,,,,,,,,
,,,,,,,,,,,,,,,,,,,,,,
,,,,,,,,,,,,,,,,,,,,,,
,,,,,,,,,,,,,,,,,,,,,,
,,,,,,,,,,,,,,,,,,,,,,
,,,,,,,,,,,,,,,,,,,,,,
,,,,,,,,,,,,,,,,,,,,,,
,,,,,,,,,,,,,,,,,,,,,,
,,,,,,,,,,,,,,,,,,,,,,
,,,,,,,,,,,,,,,,,,,,,,
,,,,,,,,,,,,,,,,,,,,,,
,,,,,,,,,,,,,,,,,,,,,,
,,,,,,,,,,,,,,,,,,,,,,
,,,,,,,,,,,,,,,,,,,,,,
,,,,,,,,,,,,,,,,,,,,,,
,,,,,,,,,,,,,,,,,,,,,,
,,,,,,,,,,,,,,,,,,,,,,
,,,,,,,,,,,,,,,,,,,,,,
,,,,,,,,,,,,,,,,,,,,,,
,,,,,,,,,,,,,,,,,,,,,,
,,,,,,,,,,,,,,,,,,,,,,
,,,,,,,,,,,,,,,,,,,,,,
,,,,,,,,,,,,,,,,,,,,,,
,,,,,,,,,,,,,,,,,,,,,,
,,,,,,,,,,,,,,,,,,,,,,
,,,,,,,,,,,,,,,,,,,,,,
,,,,,,,,,,,,,,,,,,,,,,
,,,,,,,,,,,,,,,,,,,,,,
,,,,,,,,,,,,,,,,,,,,,,
,,,,,,,,,,,,,,,,,,,,,,
,,,,,,,,,,,,,,,,,,,,,,
,,,,,,,,,,,,,,,,,,,,,,
,,,,,,,,,,,,,,,,,,,,,,
,,,,,,,,,,,,,,,,,,,,,,
,,,,,,,,,,,,,,,,,,,,,,
,,,,,,,,,,,,,,,,,,,,,,
,,,,,,,,,,,,,,,,,,,,,,
,,,,,,,,,,,,,,,,,,,,,,
,,,,,,,,,,,,,,,,,,,,,,
,,,,,,,,,,,,,,,,,,,,,,
,,,,,,,,,,,,,,,,,,,,,,
,,,,,,,,,,,,,,,,,,,,,,
,,,,,,,,,,,,,,,,,,,,,,
,,,,,,,,,,,,,,,,,,,,,,
,,,,,,,,,,,,,,,,,,,,,,
,,,,,,,,,,,,,,,,,,,,,,
,,,,,,,,,,,,,,,,,,,,,,
,,,,,,,,,,,,,,,,,,,,,,
,,,,,,,,,,,,,,,,,,,,,,
,,,,,,,,,,,,,,,,,,,,,,
,,,,,,,,,,,,,,,,,,,,,,
,,,,,,,,,,,,,,,,,,,,,,
,,,,,,,,,,,,,,,,,,,,,,
,,,,,,,,,,,,,,,,,,,,,,
,,,,,,,,,,,,,,,,,,,,,,
,,,,,,,,,,,,,,,,,,,,,,
,,,,,,,,,,,,,,,,,,,,,,
,,,,,,,,,,,,,,,,,,,,,,
,,,,,,,,,,,,,,,,,,,,,,
,,,,,,,,,,,,,,,,,,,,,,
,,,,,,,,,,,,,,,,,,,,,,
,,,,,,,,,,,,,,,,,,,,,,
,,,,,,,,,,,,,,,,,,,,,,
,,,,,,,,,,,,,,,,,,,,,,
,,,,,,,,,,,,,,,,,,,,,,
,,,,,,,,,,,,,,,,,,,,,,
,,,,,,,,,,,,,,,,,,,,,,
,,,,,,,,,,,,,,,,,,,,,,
,,,,,,,,,,,,,,,,,,,,,,
,,,,,,,,,,,,,,,,,,,,,,
,,,,,,,,,,,,,,,,,,,,,,
,,,,,,,,,,,,,,,,,,,,,,
,,,,,,,,,,,,,,,,,,,,,,
,,,,,,,,,,,,,,,,,,,,,,
,,,,,,,,,,,,,,,,,,,,,,
,,,,,,,,,,,,,,,,,,,,,,
,,,,,,,,,,,,,,,,,,,,,,
,,,,,,,,,,,,,,,,,,,,,,
,,,,,,,,,,,,,,,,,,,,,,
,,,,,,,,,,,,,,,,,,,,,,
,,,,,,,,,,,,,,,,,,,,,,
,,,,,,,,,,,,,,,,,,,,,,
,,,,,,,,,,,,,,,,,,,,,,
,,,,,,,,,,,,,,,,,,,,,,
,,,,,,,,,,,,,,,,,,,,,,
,,,,,,,,,,,,,,,,,,,,,,
,,,,,,,,,,,,,,,,,,,,,,
,,,,,,,,,,,,,,,,,,,,,,
,,,,,,,,,,,,,,,,,,,,,,
,,,,,,,,,,,,,,,,,,,,,,
,,,,,,,,,,,,,,,,,,,,,,
,,,,,,,,,,,,,,,,,,,,,,
,,,,,,,,,,,,,,,,,,,,,,
,,,,,,,,,,,,,,,,,,,,,,
,,,,,,,,,,,,,,,,,,,,,,
,,,,,,,,,,,,,,,,,,,,,,
,,,,,,,,,,,,,,,,,,,,,,
,,,,,,,,,,,,,,,,,,,,,,
,,,,,,,,,,,,,,,,,,,,,,
,,,,,,,,,,,,,,,,,,,,,,
,,,,,,,,,,,,,,,,,,,,,,
,,,,,,,,,,,,,,,,,,,,,,
,,,,,,,,,,,,,,,,,,,,,,
,,,,,,,,,,,,,,,,,,,,,,
,,,,,,,,,,,,,,,,,,,,,,
,,,,,,,,,,,,,,,,,,,,,,
,,,,,,,,,,,,,,,,,,,,,,
,,,,,,,,,,,,,,,,,,,,,,
,,,,,,,,,,,,,,,,,,,,,,
,,,,,,,,,,,,,,,,,,,,,,
,,,,,,,,,,,,,,,,,,,,,,
,,,,,,,,,,,,,,,,,,,,,,
,,,,,,,,,,,,,,,,,,,,,,
,,,,,,,,,,,,,,,,,,,,,,
,,,,,,,,,,,,,,,,,,,,,,
,,,,,,,,,,,,,,,,,,,,,,
,,,,,,,,,,,,,,,,,,,,,,
,,,,,,,,,,,,,,,,,,,,,,
,,,,,,,,,,,,,,,,,,,,,,
,,,,,,,,,,,,,,,,,,,,,,
,,,,,,,,,,,,,,,,,,,,,,
,,,,,,,,,,,,,,,,,,,,,,
,,,,,,,,,,,,,,,,,,,,,,
,,,,,,,,,,,,,,,,,,,,,,
,,,,,,,,,,,,,,,,,,,,,,
,,,,,,,,,,,,,,,,,,,,,,
,,,,,,,,,,,,,,,,,,,,,,
,,,,,,,,,,,,,,,,,,,,,,
,,,,,,,,,,,,,,,,,,,,,,
,,,,,,,,,,,,,,,,,,,,,,
,,,,,,,,,,,,,,,,,,,,,,
,,,,,,,,,,,,,,,,,,,,,,
,,,,,,,,,,,,,,,,,,,,,,
,,,,,,,,,,,,,,,,,,,,,,
,,,,,,,,,,,,,,,,,,,,,,
,,,,,,,,,,,,,,,,,,,,,,
,,,,,,,,,,,,,,,,,,,,,,
,,,,,,,,,,,,,,,,,,,,,,
,,,,,,,,,,,,,,,,,,,,,,
,,,,,,,,,,,,,,,,,,,,,,
,,,,,,,,,,,,,,,,,,,,,,
,,,,,,,,,,,,,,,,,,,,,,
,,,,,,,,,,,,,,,,,,,,,,
,,,,,,,,,,,,,,,,,,,,,,
,,,,,,,,,,,,,,,,,,,,,,
,,,,,,,,,,,,,,,,,,,,,,
,,,,,,,,,,,,,,,,,,,,,,
,,,,,,,,,,,,,,,,,,,,,,
,,,,,,,,,,,,,,,,,,,,,,
,,,,,,,,,,,,,,,,,,,,,,
,,,,,,,,,,,,,,,,,,,,,,
,,,,,,,,,,,,,,,,,,,,,,
,,,,,,,,,,,,,,,,,,,,,,
,,,,,,,,,,,,,,,,,,,,,,
,,,,,,,,,,,,,,,,,,,,,,
,,,,,,,,,,,,,,,,,,,,,,
,,,,,,,,,,,,,,,,,,,,,,
,,,,,,,,,,,,,,,,,,,,,,
,,,,,,,,,,,,,,,,,,,,,,
,,,,,,,,,,,,,,,,,,,,,,
,,,,,,,,,,,,,,,,,,,,,,
,,,,,,,,,,,,,,,,,,,,,,
,,,,,,,,,,,,,,,,,,,,,,
,,,,,,,,,,,,,,,,,,,,,,
,,,,,,,,,,,,,,,,,,,,,,
,,,,,,,,,,,,,,,,,,,,,,
,,,,,,,,,,,,,,,,,,,,,,
,,,,,,,,,,,,,,,,,,,,,,
,,,,,,,,,,,,,,,,,,,,,,
,,,,,,,,,,,,,,,,,,,,,,
,,,,,,,,,,,,,,,,,,,,,,
,,,,,,,,,,,,,,,,,,,,,,
,,,,,,,,,,,,,,,,,,,,,,
,,,,,,,,,,,,,,,,,,,,,,
,,,,,,,,,,,,,,,,,,,,,,
,,,,,,,,,,,,,,,,,,,,,,
,,,,,,,,,,,,,,,,,,,,,,
,,,,,,,,,,,,,,,,,,,,,,
,,,,,,,,,,,,,,,,,,,,,,
,,,,,,,,,,,,,,,,,,,,,,
,,,,,,,,,,,,,,,,,,,,,,
,,,,,,,,,,,,,,,,,,,,,,
,,,,,,,,,,,,,,,,,,,,,,
,,,,,,,,,,,,,,,,,,,,,,
,,,,,,,,,,,,,,,,,,,,,,
,,,,,,,,,,,,,,,,,,,,,,
,,,,,,,,,,,,,,,,,,,,,,
,,,,,,,,,,,,,,,,,,,,,,
,,,,,,,,,,,,,,,,,,,,,,
,,,,,,,,,,,,,,,,,,,,,,
,,,,,,,,,,,,,,,,,,,,,,
,,,,,,,,,,,,,,,,,,,,,,
,,,,,,,,,,,,,,,,,,,,,,
,,,,,,,,,,,,,,,,,,,,,,
,,,,,,,,,,,,,,,,,,,,,,
,,,,,,,,,,,,,,,,,,,,,,
,,,,,,,,,,,,,,,,,,,,,,
,,,,,,,,,,,,,,,,,,,,,,
,,,,,,,,,,,,,,,,,,,,,,
,,,,,,,,,,,,,,,,,,,,,,
,,,,,,,,,,,,,,,,,,,,,,
,,,,,,,,,,,,,,,,,,,,,,
,,,,,,,,,,,,,,,,,,,,,,
,,,,,,,,,,,,,,,,,,,,,,
,,,,,,,,,,,,,,,,,,,,,,
,,,,,,,,,,,,,,,,,,,,,,
,,,,,,,,,,,,,,,,,,,,,,
,,,,,,,,,,,,,,,,,,,,,,
,,,,,,,,,,,,,,,,,,,,,,
,,,,,,,,,,,,,,,,,,,,,,
,,,,,,,,,,,,,,,,,,,,,,
,,,,,,,,,,,,,,,,,,,,,,
,,,,,,,,,,,,,,,,,,,,,,
,,,,,,,,,,,,,,,,,,,,,,
,,,,,,,,,,,,,,,,,,,,,,
,,,,,,,,,,,,,,,,,,,,,,
,,,,,,,,,,,,,,,,,,,,,,
,,,,,,,,,,,,,,,,,,,,,,
,,,,,,,,,,,,,,,,,,,,,,
,,,,,,,,,,,,,,,,,,,,,,
,,,,,,,,,,,,,,,,,,,,,,
,,,,,,,,,,,,,,,,,,,,,,
,,,,,,,,,,,,,,,,,,,,,,
,,,,,,,,,,,,,,,,,,,,,,
,,,,,,,,,,,,,,,,,,,,,,
,,,,,,,,,,,,,,,,,,,,,,
,,,,,,,,,,,,,,,,,,,,,,
,,,,,,,,,,,,,,,,,,,,,,
,,,,,,,,,,,,,,,,,,,,,,
,,,,,,,,,,,,,,,,,,,,,,
,,,,,,,,,,,,,,,,,,,,,,
,,,,,,,,,,,,,,,,,,,,,,
,,,,,,,,,,,,,,,,,,,,,,
,,,,,,,,,,,,,,,,,,,,,,
,,,,,,,,,,,,,,,,,,,,,,
,,,,,,,,,,,,,,,,,,,,,,
,,,,,,,,,,,,,,,,,,,,,,
,,,,,,,,,,,,,,,,,,,,,,
,,,,,,,,,,,,,,,,,,,,,,
,,,,,,,,,,,,,,,,,,,,,,
,,,,,,,,,,,,,,,,,,,,,,
,,,,,,,,,,,,,,,,,,,,,,
,,,,,,,,,,,,,,,,,,,,,,
,,,,,,,,,,,,,,,,,,,,,,
,,,,,,,,,,,,,,,,,,,,,,
,,,,,,,,,,,,,,,,,,,,,,
,,,,,,,,,,,,,,,,,,,,,,
,,,,,,,,,,,,,,,,,,,,,,
,,,,,,,,,,,,,,,,,,,,,,
,,,,,,,,,,,,,,,,,,,,,,
,,,,,,,,,,,,,,,,,,,,,,
,,,,,,,,,,,,,,,,,,,,,,
,,,,,,,,,,,,,,,,,,,,,,
,,,,,,,,,,,,,,,,,,,,,,
,,,,,,,,,,,,,,,,,,,,,,
,,,,,,,,,,,,,,,,,,,,,,
,,,,,,,,,,,,,,,,,,,,,,
,,,,,,,,,,,,,,,,,,,,,,
,,,,,,,,,,,,,,,,,,,,,,
,,,,,,,,,,,,,,,,,,,,,,
,,,,,,,,,,,,,,,,,,,,,,
,,,,,,,,,,,,,,,,,,,,,,
,,,,,,,,,,,,,,,,,,,,,,
,,,,,,,,,,,,,,,,,,,,,,
,,,,,,,,,,,,,,,,,,,,,,
,,,,,,,,,,,,,,,,,,,,,,
,,,,,,,,,,,,,,,,,,,,,,
,,,,,,,,,,,,,,,,,,,,,,
,,,,,,,,,,,,,,,,,,,,,,
,,,,,,,,,,,,,,,,,,,,,,
,,,,,,,,,,,,,,,,,,,,,,
,,,,,,,,,,,,,,,,,,,,,,
,,,,,,,,,,,,,,,,,,,,,,
,,,,,,,,,,,,,,,,,,,,,,
,,,,,,,,,,,,,,,,,,,,,,
,,,,,,,,,,,,,,,,,,,,,,
,,,,,,,,,,,,,,,,,,,,,,
,,,,,,,,,,,,,,,,,,,,,,
,,,,,,,,,,,,,,,,,,,,,,
,,,,,,,,,,,,,,,,,,,,,,
,,,,,,,,,,,,,,,,,,,,,,
,,,,,,,,,,,,,,,,,,,,,,
,,,,,,,,,,,,,,,,,,,,,,
,,,,,,,,,,,,,,,,,,,,,,
,,,,,,,,,,,,,,,,,,,,,,
,,,,,,,,,,,,,,,,,,,,,,
,,,,,,,,,,,,,,,,,,,,,,
,,,,,,,,,,,,,,,,,,,,,,
,,,,,,,,,,,,,,,,,,,,,,
,,,,,,,,,,,,,,,,,,,,,,
,,,,,,,,,,,,,,,,,,,,,,
,,,,,,,,,,,,,,,,,,,,,,
,,,,,,,,,,,,,,,,,,,,,,
,,,,,,,,,,,,,,,,,,,,,,
,,,,,,,,,,,,,,,,,,,,,,
,,,,,,,,,,,,,,,,,,,,,,
,,,,,,,,,,,,,,,,,,,,,,
,,,,,,,,,,,,,,,,,,,,,,
,,,,,,,,,,,,,,,,,,,,,,
,,,,,,,,,,,,,,,,,,,,,,
,,,,,,,,,,,,,,,,,,,,,,
,,,,,,,,,,,,,,,,,,,,,,
,,,,,,,,,,,,,,,,,,,,,,
,,,,,,,,,,,,,,,,,,,,,,
,,,,,,,,,,,,,,,,,,,,,,
,,,,,,,,,,,,,,,,,,,,,,
,,,,,,,,,,,,,,,,,,,,,,
,,,,,,,,,,,,,,,,,,,,,,
,,,,,,,,,,,,,,,,,,,,,,
,,,,,,,,,,,,,,,,,,,,,,
,,,,,,,,,,,,,,,,,,,,,,
,,,,,,,,,,,,,,,,,,,,,,
,,,,,,,,,,,,,,,,,,,,,,
,,,,,,,,,,,,,,,,,,,,,,
,,,,,,,,,,,,,,,,,,,,,,
,,,,,,,,,,,,,,,,,,,,,,
,,,,,,,,,,,,,,,,,,,,,,
,,,,,,,,,,,,,,,,,,,,,,
,,,,,,,,,,,,,,,,,,,,,,
,,,,,,,,,,,,,,,,,,,,,,
,,,,,,,,,,,,,,,,,,,,,,
,,,,,,,,,,,,,,,,,,,,,,
,,,,,,,,,,,,,,,,,,,,,,
,,,,,,,,,,,,,,,,,,,,,,
,,,,,,,,,,,,,,,,,,,,,,
,,,,,,,,,,,,,,,,,,,,,,
,,,,,,,,,,,,,,,,,,,,,,
,,,,,,,,,,,,,,,,,,,,,,
,,,,,,,,,,,,,,,,,,,,,,
,,,,,,,,,,,,,,,,,,,,,,
,,,,,,,,,,,,,,,,,,,,,,
,,,,,,,,,,,,,,,,,,,,,,
,,,,,,,,,,,,,,,,,,,,,,
,,,,,,,,,,,,,,,,,,,,,,
,,,,,,,,,,,,,,,,,,,,,,
,,,,,,,,,,,,,,,,,,,,,,
,,,,,,,,,,,,,,,,,,,,,,
,,,,,,,,,,,,,,,,,,,,,,
,,,,,,,,,,,,,,,,,,,,,,
,,,,,,,,,,,,,,,,,,,,,,
,,,,,,,,,,,,,,,,,,,,,,
,,,,,,,,,,,,,,,,,,,,,,
,,,,,,,,,,,,,,,,,,,,,,
,,,,,,,,,,,,,,,,,,,,,,
,,,,,,,,,,,,,,,,,,,,,,
,,,,,,,,,,,,,,,,,,,,,,
,,,,,,,,,,,,,,,,,,,,,,
,,,,,,,,,,,,,,,,,,,,,,
,,,,,,,,,,,,,,,,,,,,,,
,,,,,,,,,,,,,,,,,,,,,,
,,,,,,,,,,,,,,,,,,,,,,
,,,,,,,,,,,,,,,,,,,,,,
,,,,,,,,,,,,,,,,,,,,,,
,,,,,,,,,,,,,,,,,,,,,,
,,,,,,,,,,,,,,,,,,,,,,
,,,,,,,,,,,,,,,,,,,,,,
,,,,,,,,,,,,,,,,,,,,,,
,,,,,,,,,,,,,,,,,,,,,,
,,,,,,,,,,,,,,,,,,,,,,
,,,,,,,,,,,,,,,,,,,,,,
,,,,,,,,,,,,,,,,,,,,,,
,,,,,,,,,,,,,,,,,,,,,,
,,,,,,,,,,,,,,,,,,,,,,
,,,,,,,,,,,,,,,,,,,,,,
,,,,,,,,,,,,,,,,,,,,,,
,,,,,,,,,,,,,,,,,,,,,,
,,,,,,,,,,,,,,,,,,,,,,
,,,,,,,,,,,,,,,,,,,,,,
,,,,,,,,,,,,,,,,,,,,,,
,,,,,,,,,,,,,,,,,,,,,,
,,,,,,,,,,,,,,,,,,,,,,
,,,,,,,,,,,,,,,,,,,,,,
,,,,,,,,,,,,,,,,,,,,,,
,,,,,,,,,,,,,,,,,,,,,,
,,,,,,,,,,,,,,,,,,,,,,
,,,,,,,,,,,,,,,,,,,,,,
,,,,,,,,,,,,,,,,,,,,,,
,,,,,,,,,,,,,,,,,,,,,,
,,,,,,,,,,,,,,,,,,,,,,
,,,,,,,,,,,,,,,,,,,,,,
,,,,,,,,,,,,,,,,,,,,,,
,,,,,,,,,,,,,,,,,,,,,,
,,,,,,,,,,,,,,,,,,,,,,
,,,,,,,,,,,,,,,,,,,,,,
,,,,,,,,,,,,,,,,,,,,,,
,,,,,,,,,,,,,,,,,,,,,,
,,,,,,,,,,,,,,,,,,,,,,
,,,,,,,,,,,,,,,,,,,,,,
,,,,,,,,,,,,,,,,,,,,,,
,,,,,,,,,,,,,,,,,,,,,,
,,,,,,,,,,,,,,,,,,,,,,
,,,,,,,,,,,,,,,,,,,,,,
,,,,,,,,,,,,,,,,,,,,,,
,,,,,,,,,,,,,,,,,,,,,,
,,,,,,,,,,,,,,,,,,,,,,
,,,,,,,,,,,,,,,,,,,,,,
,,,,,,,,,,,,,,,,,,,,,,
,,,,,,,,,,,,,,,,,,,,,,
,,,,,,,,,,,,,,,,,,,,,,
,,,,,,,,,,,,,,,,,,,,,,
,,,,,,,,,,,,,,,,,,,,,,
,,,,,,,,,,,,,,,,,,,,,,
,,,,,,,,,,,,,,,,,,,,,,
,,,,,,,,,,,,,,,,,,,,,,
,,,,,,,,,,,,,,,,,,,,,,
,,,,,,,,,,,,,,,,,,,,,,
,,,,,,,,,,,,,,,,,,,,,,
,,,,,,,,,,,,,,,,,,,,,,
,,,,,,,,,,,,,,,,,,,,,,
,,,,,,,,,,,,,,,,,,,,,,
,,,,,,,,,,,,,,,,,,,,,,
,,,,,,,,,,,,,,,,,,,,,,
,,,,,,,,,,,,,,,,,,,,,,
,,,,,,,,,,,,,,,,,,,,,,
,,,,,,,,,,,,,,,,,,,,,,
,,,,,,,,,,,,,,,,,,,,,,
,,,,,,,,,,,,,,,,,,,,,,
,,,,,,,,,,,,,,,,,,,,,,
,,,,,,,,,,,,,,,,,,,,,,
,,,,,,,,,,,,,,,,,,,,,,
,,,,,,,,,,,,,,,,,,,,,,
,,,,,,,,,,,,,,,,,,,,,,
,,,,,,,,,,,,,,,,,,,,,,
,,,,,,,,,,,,,,,,,,,,,,
,,,,,,,,,,,,,,,,,,,,,,
,,,,,,,,,,,,,,,,,,,,,,
,,,,,,,,,,,,,,,,,,,,,,
,,,,,,,,,,,,,,,,,,,,,,
,,,,,,,,,,,,,,,,,,,,,,
,,,,,,,,,,,,,,,,,,,,,,
,,,,,,,,,,,,,,,,,,,,,,
,,,,,,,,,,,,,,,,,,,,,,
,,,,,,,,,,,,,,,,,,,,,,
,,,,,,,,,,,,,,,,,,,,,,
,,,,,,,,,,,,,,,,,,,,,,
,,,,,,,,,,,,,,,,,,,,,,
,,,,,,,,,,,,,,,,,,,,,,
,,,,,,,,,,,,,,,,,,,,,,
,,,,,,,,,,,,,,,,,,,,,,
,,,,,,,,,,,,,,,,,,,,,,
,,,,,,,,,,,,,,,,,,,,,,
,,,,,,,,,,,,,,,,,,,,,,
,,,,,,,,,,,,,,,,,,,,,,
,,,,,,,,,,,,,,,,,,,,,,
,,,,,,,,,,,,,,,,,,,,,,
,,,,,,,,,,,,,,,,,,,,,,
,,,,,,,,,,,,,,,,,,,,,,
,,,,,,,,,,,,,,,,,,,,,,
,,,,,,,,,,,,,,,,,,,,,,
,,,,,,,,,,,,,,,,,,,,,,
,,,,,,,,,,,,,,,,,,,,,,
,,,,,,,,,,,,,,,,,,,,,,
,,,,,,,,,,,,,,,,,,,,,,
,,,,,,,,,,,,,,,,,,,,,,
,,,,,,,,,,,,,,,,,,,,,,
,,,,,,,,,,,,,,,,,,,,,,
,,,,,,,,,,,,,,,,,,,,,,
,,,,,,,,,,,,,,,,,,,,,,
,,,,,,,,,,,,,,,,,,,,,,
,,,,,,,,,,,,,,,,,,,,,,
,,,,,,,,,,,,,,,,,,,,,,
,,,,,,,,,,,,,,,,,,,,,,
,,,,,,,,,,,,,,,,,,,,,,
,,,,,,,,,,,,,,,,,,,,,,
,,,,,,,,,,,,,,,,,,,,,,
,,,,,,,,,,,,,,,,,,,,,,
,,,,,,,,,,,,,,,,,,,,,,
,,,,,,,,,,,,,,,,,,,,,,
,,,,,,,,,,,,,,,,,,,,,,
,,,,,,,,,,,,,,,,,,,,,,
,,,,,,,,,,,,,,,,,,,,,,
,,,,,,,,,,,,,,,,,,,,,,
,,,,,,,,,,,,,,,,,,,,,,
,,,,,,,,,,,,,,,,,,,,,,
,,,,,,,,,,,,,,,,,,,,,,
,,,,,,,,,,,,,,,,,,,,,,
,,,,,,,,,,,,,,,,,,,,,,
,,,,,,,,,,,,,,,,,,,,,,
,,,,,,,,,,,,,,,,,,,,,,
,,,,,,,,,,,,,,,,,,,,,,
,,,,,,,,,,,,,,,,,,,,,,
,,,,,,,,,,,,,,,,,,,,,,
,,,,,,,,,,,,,,,,,,,,,,
,,,,,,,,,,,,,,,,,,,,,,
,,,,,,,,,,,,,,,,,,,,,,
,,,,,,,,,,,,,,,,,,,,,,
,,,,,,,,,,,,,,,,,,,,,,
,,,,,,,,,,,,,,,,,,,,,,
,,,,,,,,,,,,,,,,,,,,,,
,,,,,,,,,,,,,,,,,,,,,,
,,,,,,,,,,,,,,,,,,,,,,
,,,,,,,,,,,,,,,,,,,,,,
,,,,,,,,,,,,,,,,,,,,,,
,,,,,,,,,,,,,,,,,,,,,,
,,,,,,,,,,,,,,,,,,,,,,
,,,,,,,,,,,,,,,,,,,,,,
,,,,,,,,,,,,,,,,,,,,,,
,,,,,,,,,,,,,,,,,,,,,,
,,,,,,,,,,,,,,,,,,,,,,
,,,,,,,,,,,,,,,,,,,,,,
,,,,,,,,,,,,,,,,,,,,,,
,,,,,,,,,,,,,,,,,,,,,,
,,,,,,,,,,,,,,,,,,,,,,
,,,,,,,,,,,,,,,,,,,,,,
,,,,,,,,,,,,,,,,,,,,,,
,,,,,,,,,,,,,,,,,,,,,,
,,,,,,,,,,,,,,,,,,,,,,
,,,,,,,,,,,,,,,,,,,,,,
,,,,,,,,,,,,,,,,,,,,,,
,,,,,,,,,,,,,,,,,,,,,,
,,,,,,,,,,,,,,,,,,,,,,
,,,,,,,,,,,,,,,,,,,,,,
